[
{
  "pk": 1, 
  "model": "users.user", 
  "fields": {
    "name": "Administrator", 
    "created_at": "2013-01-31T13:44:20Z", 
    "is_active": true, 
    "last_login": "2013-03-29T15:05:55Z", 
    "is_admin": true, 
    "password": "pbkdf2_sha256$10000$rQFiotnyUMyy$IHQaog1kTalrskW9lzL2cPyoAe1A+Y5RRYDMz1FfLsQ=", 
    "email": "admin@teoremer.com"
  }
},
{
  "pk": 2, 
  "model": "users.user", 
  "fields": {
    "name": "Jan Marthedal Rasmussen", 
    "created_at": "2013-01-31T13:45:31Z", 
    "is_active": true, 
    "last_login": "2013-07-24T12:53:09Z", 
    "is_admin": false, 
    "password": "pbkdf2_sha256$10000$yHe3qlYmbk4z$Is4anUWDeCOMn0iet372HK322ceDdyfZUm5snCbdtIg=", 
    "email": "jmr@kanooth.com"
  }
},
{
  "pk": 3, 
  "model": "users.user", 
  "fields": {
    "name": "Test user 1", 
    "created_at": "2013-02-15T12:54:54Z", 
    "is_active": true, 
    "last_login": "2013-02-20T09:59:48Z", 
    "is_admin": false, 
    "password": "pbkdf2_sha256$10000$npKTYsiweHUk$hdIvMdO31E614uXD1sY+1d9SUKRTNl+8cdEAfSmFzsM=", 
    "email": "user1@thrms.net"
  }
},
{
  "pk": 4, 
  "model": "users.user", 
  "fields": {
    "name": "Test user 2", 
    "created_at": "2013-02-20T09:59:14Z", 
    "is_active": true, 
    "last_login": "2013-02-20T10:01:50Z", 
    "is_admin": false, 
    "password": "pbkdf2_sha256$10000$Yw2YTv0VPw1F$bWm8Ws0pYK80XzWlUFYvjnGbikQopmUT4+vFzD4hvE4=", 
    "email": "user2@thrms.net"
  }
},
{
  "pk": 5, 
  "model": "users.user", 
  "fields": {
    "name": "Thomas Marthedal Rasmussen", 
    "created_at": "2013-04-10T12:02:54Z", 
    "is_active": true, 
    "last_login": "2013-04-10T12:02:54Z", 
    "is_admin": false, 
    "password": "pbkdf2_sha256$10000$es8zil5ay7EY$igTlkd1gJNcHmbScepa5th4ytvMG+ZM/ykkYgu0awfE=", 
    "email": "thmras@gmail.com"
  }
},
{
  "pk": 1, 
  "model": "tags.tag", 
  "fields": {
    "name": "integer", 
    "normalized": "integer"
  }
},
{
  "pk": 2, 
  "model": "tags.tag", 
  "fields": {
    "name": "rational integer", 
    "normalized": "rational integer"
  }
},
{
  "pk": 3, 
  "model": "tags.tag", 
  "fields": {
    "name": "number", 
    "normalized": "number"
  }
},
{
  "pk": 4, 
  "model": "tags.tag", 
  "fields": {
    "name": "prime", 
    "normalized": "prime"
  }
},
{
  "pk": 5, 
  "model": "tags.tag", 
  "fields": {
    "name": "positive integer", 
    "normalized": "positive integer"
  }
},
{
  "pk": 6, 
  "model": "tags.tag", 
  "fields": {
    "name": "divisor", 
    "normalized": "divisor"
  }
},
{
  "pk": 7, 
  "model": "tags.tag", 
  "fields": {
    "name": "product", 
    "normalized": "product"
  }
},
{
  "pk": 8, 
  "model": "tags.tag", 
  "fields": {
    "name": "Euclid's Second Theorem", 
    "normalized": "euclid's second theorem"
  }
},
{
  "pk": 9, 
  "model": "tags.tag", 
  "fields": {
    "name": "infinite", 
    "normalized": "infinite"
  }
},
{
  "pk": 10, 
  "model": "tags.tag", 
  "fields": {
    "name": "prim", 
    "normalized": "prim"
  }
},
{
  "pk": 11, 
  "model": "tags.tag", 
  "fields": {
    "name": "tag1", 
    "normalized": "tag1"
  }
},
{
  "pk": 12, 
  "model": "tags.tag", 
  "fields": {
    "name": "tag2", 
    "normalized": "tag2"
  }
},
{
  "pk": 13, 
  "model": "tags.tag", 
  "fields": {
    "name": "cardinality", 
    "normalized": "cardinality"
  }
},
{
  "pk": 14, 
  "model": "tags.tag", 
  "fields": {
    "name": "positive", 
    "normalized": "positive"
  }
},
{
  "pk": 15, 
  "model": "tags.tag", 
  "fields": {
    "name": "divisible", 
    "normalized": "divisible"
  }
},
{
  "pk": 16, 
  "model": "tags.tag", 
  "fields": {
    "name": "non-negative integer", 
    "normalized": "non-negative integer"
  }
},
{
  "pk": 17, 
  "model": "tags.tag", 
  "fields": {
    "name": "square root", 
    "normalized": "square root"
  }
},
{
  "pk": 18, 
  "model": "tags.tag", 
  "fields": {
    "name": "irrational", 
    "normalized": "irrational"
  }
},
{
  "pk": 19, 
  "model": "tags.tag", 
  "fields": {
    "name": "2", 
    "normalized": "2"
  }
},
{
  "pk": 20, 
  "model": "tags.tag", 
  "fields": {
    "name": "real numbers", 
    "normalized": "real numbers"
  }
},
{
  "pk": 21, 
  "model": "tags.tag", 
  "fields": {
    "name": "$b \\mid a$", 
    "normalized": "$b \\mid a$"
  }
},
{
  "pk": 22, 
  "model": "tags.tag", 
  "fields": {
    "name": "function", 
    "normalized": "function"
  }
},
{
  "pk": 23, 
  "model": "tags.tag", 
  "fields": {
    "name": "mapping", 
    "normalized": "mapping"
  }
},
{
  "pk": 24, 
  "model": "tags.tag", 
  "fields": {
    "name": "transformation", 
    "normalized": "transformation"
  }
},
{
  "pk": 25, 
  "model": "tags.tag", 
  "fields": {
    "name": "$X \\mapsto Y$", 
    "normalized": "$x \\mapsto y$"
  }
},
{
  "pk": 26, 
  "model": "tags.tag", 
  "fields": {
    "name": "$f: X \\mapsto Y$", 
    "normalized": "$f: x \\mapsto y$"
  }
},
{
  "pk": 27, 
  "model": "tags.tag", 
  "fields": {
    "name": "set", 
    "normalized": "set"
  }
},
{
  "pk": 28, 
  "model": "tags.tag", 
  "fields": {
    "name": "composite function", 
    "normalized": "composite function"
  }
},
{
  "pk": 29, 
  "model": "tags.tag", 
  "fields": {
    "name": "composition", 
    "normalized": "composition"
  }
},
{
  "pk": 30, 
  "model": "tags.tag", 
  "fields": {
    "name": "Euclid's First Theorem", 
    "normalized": "euclid's first theorem"
  }
},
{
  "pk": 31, 
  "model": "tags.tag", 
  "fields": {
    "name": "divisibility", 
    "normalized": "divisibility"
  }
},
{
  "pk": 32, 
  "model": "tags.tag", 
  "fields": {
    "name": "series", 
    "normalized": "series"
  }
},
{
  "pk": 33, 
  "model": "tags.tag", 
  "fields": {
    "name": "absolute convergence", 
    "normalized": "absolute convergence"
  }
},
{
  "pk": 34, 
  "model": "tags.tag", 
  "fields": {
    "name": "complex number", 
    "normalized": "complex number"
  }
},
{
  "pk": 35, 
  "model": "tags.tag", 
  "fields": {
    "name": "analysis", 
    "normalized": "analysis"
  }
},
{
  "pk": 36, 
  "model": "tags.tag", 
  "fields": {
    "name": "uniform convergence", 
    "normalized": "uniform convergence"
  }
},
{
  "pk": 37, 
  "model": "tags.tag", 
  "fields": {
    "name": "bounded", 
    "normalized": "bounded"
  }
},
{
  "pk": 38, 
  "model": "tags.tag", 
  "fields": {
    "name": "complex plane", 
    "normalized": "complex plane"
  }
},
{
  "pk": 39, 
  "model": "tags.tag", 
  "fields": {
    "name": "subset", 
    "normalized": "subset"
  }
},
{
  "pk": 40, 
  "model": "tags.tag", 
  "fields": {
    "name": "exponential function", 
    "normalized": "exponential function"
  }
},
{
  "pk": 41, 
  "model": "tags.tag", 
  "fields": {
    "name": "$\\exp(z)$", 
    "normalized": "$\\exp(z)$"
  }
},
{
  "pk": 42, 
  "model": "tags.tag", 
  "fields": {
    "name": "$\\pi$", 
    "normalized": "$\\pi$"
  }
},
{
  "pk": 43, 
  "model": "tags.tag", 
  "fields": {
    "name": "constant", 
    "normalized": "constant"
  }
},
{
  "pk": 44, 
  "model": "tags.tag", 
  "fields": {
    "name": "rational number", 
    "normalized": "rational number"
  }
},
{
  "pk": 45, 
  "model": "tags.tag", 
  "fields": {
    "name": "ratio", 
    "normalized": "ratio"
  }
},
{
  "pk": 46, 
  "model": "tags.tag", 
  "fields": {
    "name": "quotient", 
    "normalized": "quotient"
  }
},
{
  "pk": 47, 
  "model": "tags.tag", 
  "fields": {
    "name": "negative", 
    "normalized": "negative"
  }
},
{
  "pk": 48, 
  "model": "tags.tag", 
  "fields": {
    "name": "game", 
    "normalized": "game"
  }
},
{
  "pk": 49, 
  "model": "tags.tag", 
  "fields": {
    "name": "combinatorial game", 
    "normalized": "combinatorial game"
  }
},
{
  "pk": 50, 
  "model": "tags.tag", 
  "fields": {
    "name": "zero", 
    "normalized": "zero"
  }
},
{
  "pk": 51, 
  "model": "tags.tag", 
  "fields": {
    "name": "fuzzy", 
    "normalized": "fuzzy"
  }
},
{
  "pk": 52, 
  "model": "tags.tag", 
  "fields": {
    "name": "real number", 
    "normalized": "real number"
  }
},
{
  "pk": 53, 
  "model": "tags.tag", 
  "fields": {
    "name": "sequence", 
    "normalized": "sequence"
  }
},
{
  "pk": 54, 
  "model": "tags.tag", 
  "fields": {
    "name": "domain", 
    "normalized": "domain"
  }
},
{
  "pk": 55, 
  "model": "tags.tag", 
  "fields": {
    "name": "range", 
    "normalized": "range"
  }
},
{
  "pk": 56, 
  "model": "tags.tag", 
  "fields": {
    "name": "values", 
    "normalized": "values"
  }
},
{
  "pk": 57, 
  "model": "tags.tag", 
  "fields": {
    "name": "defined on", 
    "normalized": "defined on"
  }
},
{
  "pk": 58, 
  "model": "tags.tag", 
  "fields": {
    "name": "element", 
    "normalized": "element"
  }
},
{
  "pk": 59, 
  "model": "tags.tag", 
  "fields": {
    "name": "differentiable at a point", 
    "normalized": "differentiable at a point"
  }
},
{
  "pk": 60, 
  "model": "tags.tag", 
  "fields": {
    "name": "continuous at a point", 
    "normalized": "continuous at a point"
  }
},
{
  "pk": 61, 
  "model": "tags.tag", 
  "fields": {
    "name": "metric space", 
    "normalized": "metric space"
  }
},
{
  "pk": 62, 
  "model": "tags.tag", 
  "fields": {
    "name": "limit point", 
    "normalized": "limit point"
  }
},
{
  "pk": 63, 
  "model": "tags.tag", 
  "fields": {
    "name": "complex function", 
    "normalized": "complex function"
  }
},
{
  "pk": 64, 
  "model": "tags.tag", 
  "fields": {
    "name": "general", 
    "normalized": "general"
  }
},
{
  "pk": 65, 
  "model": "tags.tag", 
  "fields": {
    "name": "absolute-convergence", 
    "normalized": "absolute-convergence"
  }
},
{
  "pk": 66, 
  "model": "tags.tag", 
  "fields": {
    "name": "complex-number", 
    "normalized": "complex-number"
  }
},
{
  "pk": 67, 
  "model": "tags.tag", 
  "fields": {
    "name": "square-root", 
    "normalized": "square-root"
  }
},
{
  "pk": 68, 
  "model": "tags.tag", 
  "fields": {
    "name": "positive-integer", 
    "normalized": "positive-integer"
  }
},
{
  "pk": 69, 
  "model": "tags.tag", 
  "fields": {
    "name": "pi", 
    "normalized": "pi"
  }
},
{
  "pk": 70, 
  "model": "tags.tag", 
  "fields": {
    "name": "uniform-convergence", 
    "normalized": "uniform-convergence"
  }
},
{
  "pk": 71, 
  "model": "tags.tag", 
  "fields": {
    "name": "complex-plane", 
    "normalized": "complex-plane"
  }
},
{
  "pk": 72, 
  "model": "tags.tag", 
  "fields": {
    "name": "combinatorial-game", 
    "normalized": "combinatorial-game"
  }
},
{
  "pk": 73, 
  "model": "tags.tag", 
  "fields": {
    "name": "differentiable-at-a-point", 
    "normalized": "differentiable-at-a-point"
  }
},
{
  "pk": 74, 
  "model": "tags.tag", 
  "fields": {
    "name": "continuous-at-a-point", 
    "normalized": "continuous-at-a-point"
  }
},
{
  "pk": 75, 
  "model": "tags.tag", 
  "fields": {
    "name": "metric-space", 
    "normalized": "metric-space"
  }
},
{
  "pk": 76, 
  "model": "tags.tag", 
  "fields": {
    "name": "limit-point", 
    "normalized": "limit-point"
  }
},
{
  "pk": 77, 
  "model": "tags.tag", 
  "fields": {
    "name": "complex-function", 
    "normalized": "complex-function"
  }
},
{
  "pk": 1, 
  "model": "tags.category", 
  "fields": {
    "tag": 1, 
    "parent": null
  }
},
{
  "pk": 2, 
  "model": "tags.category", 
  "fields": {
    "tag": 2, 
    "parent": null
  }
},
{
  "pk": 3, 
  "model": "tags.category", 
  "fields": {
    "tag": 3, 
    "parent": null
  }
},
{
  "pk": 4, 
  "model": "tags.category", 
  "fields": {
    "tag": 4, 
    "parent": null
  }
},
{
  "pk": 5, 
  "model": "tags.category", 
  "fields": {
    "tag": 5, 
    "parent": null
  }
},
{
  "pk": 6, 
  "model": "tags.category", 
  "fields": {
    "tag": 6, 
    "parent": null
  }
},
{
  "pk": 7, 
  "model": "tags.category", 
  "fields": {
    "tag": 7, 
    "parent": null
  }
},
{
  "pk": 8, 
  "model": "tags.category", 
  "fields": {
    "tag": 8, 
    "parent": null
  }
},
{
  "pk": 9, 
  "model": "tags.category", 
  "fields": {
    "tag": 9, 
    "parent": null
  }
},
{
  "pk": 10, 
  "model": "tags.category", 
  "fields": {
    "tag": 10, 
    "parent": null
  }
},
{
  "pk": 11, 
  "model": "tags.category", 
  "fields": {
    "tag": 11, 
    "parent": null
  }
},
{
  "pk": 12, 
  "model": "tags.category", 
  "fields": {
    "tag": 12, 
    "parent": null
  }
},
{
  "pk": 13, 
  "model": "tags.category", 
  "fields": {
    "tag": 13, 
    "parent": null
  }
},
{
  "pk": 14, 
  "model": "tags.category", 
  "fields": {
    "tag": 14, 
    "parent": null
  }
},
{
  "pk": 15, 
  "model": "tags.category", 
  "fields": {
    "tag": 15, 
    "parent": null
  }
},
{
  "pk": 16, 
  "model": "tags.category", 
  "fields": {
    "tag": 16, 
    "parent": null
  }
},
{
  "pk": 17, 
  "model": "tags.category", 
  "fields": {
    "tag": 17, 
    "parent": null
  }
},
{
  "pk": 18, 
  "model": "tags.category", 
  "fields": {
    "tag": 18, 
    "parent": null
  }
},
{
  "pk": 19, 
  "model": "tags.category", 
  "fields": {
    "tag": 19, 
    "parent": null
  }
},
{
  "pk": 20, 
  "model": "tags.category", 
  "fields": {
    "tag": 20, 
    "parent": null
  }
},
{
  "pk": 21, 
  "model": "tags.category", 
  "fields": {
    "tag": 21, 
    "parent": null
  }
},
{
  "pk": 22, 
  "model": "tags.category", 
  "fields": {
    "tag": 22, 
    "parent": null
  }
},
{
  "pk": 23, 
  "model": "tags.category", 
  "fields": {
    "tag": 23, 
    "parent": null
  }
},
{
  "pk": 24, 
  "model": "tags.category", 
  "fields": {
    "tag": 24, 
    "parent": null
  }
},
{
  "pk": 25, 
  "model": "tags.category", 
  "fields": {
    "tag": 25, 
    "parent": null
  }
},
{
  "pk": 26, 
  "model": "tags.category", 
  "fields": {
    "tag": 26, 
    "parent": null
  }
},
{
  "pk": 27, 
  "model": "tags.category", 
  "fields": {
    "tag": 27, 
    "parent": null
  }
},
{
  "pk": 28, 
  "model": "tags.category", 
  "fields": {
    "tag": 28, 
    "parent": null
  }
},
{
  "pk": 29, 
  "model": "tags.category", 
  "fields": {
    "tag": 29, 
    "parent": null
  }
},
{
  "pk": 30, 
  "model": "tags.category", 
  "fields": {
    "tag": 30, 
    "parent": null
  }
},
{
  "pk": 31, 
  "model": "tags.category", 
  "fields": {
    "tag": 31, 
    "parent": null
  }
},
{
  "pk": 32, 
  "model": "tags.category", 
  "fields": {
    "tag": 32, 
    "parent": null
  }
},
{
  "pk": 33, 
  "model": "tags.category", 
  "fields": {
    "tag": 33, 
    "parent": null
  }
},
{
  "pk": 34, 
  "model": "tags.category", 
  "fields": {
    "tag": 34, 
    "parent": null
  }
},
{
  "pk": 35, 
  "model": "tags.category", 
  "fields": {
    "tag": 35, 
    "parent": null
  }
},
{
  "pk": 36, 
  "model": "tags.category", 
  "fields": {
    "tag": 36, 
    "parent": null
  }
},
{
  "pk": 37, 
  "model": "tags.category", 
  "fields": {
    "tag": 37, 
    "parent": null
  }
},
{
  "pk": 38, 
  "model": "tags.category", 
  "fields": {
    "tag": 38, 
    "parent": null
  }
},
{
  "pk": 39, 
  "model": "tags.category", 
  "fields": {
    "tag": 39, 
    "parent": null
  }
},
{
  "pk": 40, 
  "model": "tags.category", 
  "fields": {
    "tag": 40, 
    "parent": null
  }
},
{
  "pk": 41, 
  "model": "tags.category", 
  "fields": {
    "tag": 41, 
    "parent": null
  }
},
{
  "pk": 42, 
  "model": "tags.category", 
  "fields": {
    "tag": 42, 
    "parent": null
  }
},
{
  "pk": 43, 
  "model": "tags.category", 
  "fields": {
    "tag": 43, 
    "parent": null
  }
},
{
  "pk": 44, 
  "model": "tags.category", 
  "fields": {
    "tag": 44, 
    "parent": null
  }
},
{
  "pk": 45, 
  "model": "tags.category", 
  "fields": {
    "tag": 45, 
    "parent": null
  }
},
{
  "pk": 46, 
  "model": "tags.category", 
  "fields": {
    "tag": 46, 
    "parent": null
  }
},
{
  "pk": 47, 
  "model": "tags.category", 
  "fields": {
    "tag": 47, 
    "parent": null
  }
},
{
  "pk": 48, 
  "model": "tags.category", 
  "fields": {
    "tag": 48, 
    "parent": null
  }
},
{
  "pk": 49, 
  "model": "tags.category", 
  "fields": {
    "tag": 49, 
    "parent": null
  }
},
{
  "pk": 50, 
  "model": "tags.category", 
  "fields": {
    "tag": 50, 
    "parent": null
  }
},
{
  "pk": 51, 
  "model": "tags.category", 
  "fields": {
    "tag": 51, 
    "parent": null
  }
},
{
  "pk": 52, 
  "model": "tags.category", 
  "fields": {
    "tag": 52, 
    "parent": null
  }
},
{
  "pk": 53, 
  "model": "tags.category", 
  "fields": {
    "tag": 53, 
    "parent": null
  }
},
{
  "pk": 54, 
  "model": "tags.category", 
  "fields": {
    "tag": 54, 
    "parent": null
  }
},
{
  "pk": 55, 
  "model": "tags.category", 
  "fields": {
    "tag": 55, 
    "parent": null
  }
},
{
  "pk": 56, 
  "model": "tags.category", 
  "fields": {
    "tag": 56, 
    "parent": null
  }
},
{
  "pk": 57, 
  "model": "tags.category", 
  "fields": {
    "tag": 57, 
    "parent": null
  }
},
{
  "pk": 58, 
  "model": "tags.category", 
  "fields": {
    "tag": 58, 
    "parent": null
  }
},
{
  "pk": 59, 
  "model": "tags.category", 
  "fields": {
    "tag": 59, 
    "parent": null
  }
},
{
  "pk": 60, 
  "model": "tags.category", 
  "fields": {
    "tag": 60, 
    "parent": null
  }
},
{
  "pk": 61, 
  "model": "tags.category", 
  "fields": {
    "tag": 61, 
    "parent": null
  }
},
{
  "pk": 62, 
  "model": "tags.category", 
  "fields": {
    "tag": 62, 
    "parent": null
  }
},
{
  "pk": 63, 
  "model": "tags.category", 
  "fields": {
    "tag": 63, 
    "parent": null
  }
},
{
  "pk": 64, 
  "model": "tags.category", 
  "fields": {
    "tag": 64, 
    "parent": null
  }
},
{
  "pk": 65, 
  "model": "tags.category", 
  "fields": {
    "tag": 1, 
    "parent": 64
  }
},
{
  "pk": 66, 
  "model": "tags.category", 
  "fields": {
    "tag": 3, 
    "parent": 64
  }
},
{
  "pk": 67, 
  "model": "tags.category", 
  "fields": {
    "tag": 4, 
    "parent": 64
  }
},
{
  "pk": 68, 
  "model": "tags.category", 
  "fields": {
    "tag": 9, 
    "parent": 64
  }
},
{
  "pk": 69, 
  "model": "tags.category", 
  "fields": {
    "tag": 32, 
    "parent": 64
  }
},
{
  "pk": 70, 
  "model": "tags.category", 
  "fields": {
    "tag": 65, 
    "parent": 64
  }
},
{
  "pk": 71, 
  "model": "tags.category", 
  "fields": {
    "tag": 66, 
    "parent": 64
  }
},
{
  "pk": 72, 
  "model": "tags.category", 
  "fields": {
    "tag": 18, 
    "parent": 64
  }
},
{
  "pk": 73, 
  "model": "tags.category", 
  "fields": {
    "tag": 67, 
    "parent": 64
  }
},
{
  "pk": 74, 
  "model": "tags.category", 
  "fields": {
    "tag": 68, 
    "parent": 64
  }
},
{
  "pk": 75, 
  "model": "tags.category", 
  "fields": {
    "tag": 14, 
    "parent": 64
  }
},
{
  "pk": 76, 
  "model": "tags.category", 
  "fields": {
    "tag": 6, 
    "parent": 64
  }
},
{
  "pk": 77, 
  "model": "tags.category", 
  "fields": {
    "tag": 27, 
    "parent": 64
  }
},
{
  "pk": 78, 
  "model": "tags.category", 
  "fields": {
    "tag": 15, 
    "parent": 64
  }
},
{
  "pk": 79, 
  "model": "tags.category", 
  "fields": {
    "tag": 22, 
    "parent": 64
  }
},
{
  "pk": 80, 
  "model": "tags.category", 
  "fields": {
    "tag": 46, 
    "parent": 64
  }
},
{
  "pk": 81, 
  "model": "tags.category", 
  "fields": {
    "tag": 45, 
    "parent": 64
  }
},
{
  "pk": 82, 
  "model": "tags.category", 
  "fields": {
    "tag": 7, 
    "parent": 64
  }
},
{
  "pk": 83, 
  "model": "tags.category", 
  "fields": {
    "tag": 69, 
    "parent": 64
  }
},
{
  "pk": 84, 
  "model": "tags.category", 
  "fields": {
    "tag": 39, 
    "parent": 64
  }
},
{
  "pk": 85, 
  "model": "tags.category", 
  "fields": {
    "tag": 37, 
    "parent": 64
  }
},
{
  "pk": 86, 
  "model": "tags.category", 
  "fields": {
    "tag": 70, 
    "parent": 64
  }
},
{
  "pk": 87, 
  "model": "tags.category", 
  "fields": {
    "tag": 71, 
    "parent": 64
  }
},
{
  "pk": 88, 
  "model": "tags.category", 
  "fields": {
    "tag": 72, 
    "parent": 64
  }
},
{
  "pk": 89, 
  "model": "tags.category", 
  "fields": {
    "tag": 53, 
    "parent": 64
  }
},
{
  "pk": 90, 
  "model": "tags.category", 
  "fields": {
    "tag": 58, 
    "parent": 64
  }
},
{
  "pk": 91, 
  "model": "tags.category", 
  "fields": {
    "tag": 73, 
    "parent": 64
  }
},
{
  "pk": 92, 
  "model": "tags.category", 
  "fields": {
    "tag": 74, 
    "parent": 64
  }
},
{
  "pk": 93, 
  "model": "tags.category", 
  "fields": {
    "tag": 75, 
    "parent": 64
  }
},
{
  "pk": 94, 
  "model": "tags.category", 
  "fields": {
    "tag": 76, 
    "parent": 64
  }
},
{
  "pk": 95, 
  "model": "tags.category", 
  "fields": {
    "tag": 77, 
    "parent": 64
  }
},
{
  "pk": 1, 
  "model": "items.finalitem", 
  "fields": {
    "body": "An [#integer] $a$ is said to be *divisible* by another integer $b$, not $0$, if there is a third integer $c$ such that\r\n$$\r\na = b c \\; .\r\n$$", 
    "status": "F", 
    "modified_by": 3, 
    "itemtype": "D", 
    "parent": null, 
    "final_id": "6ACp", 
    "created_at": "2013-02-15T13:00:29Z", 
    "modified_at": "2013-02-15T13:00:29Z", 
    "created_by": 3
  }
},
{
  "pk": 2, 
  "model": "items.finalitem", 
  "fields": {
    "body": "If $f: X \\mapsto Y$ and $g: Y \\mapsto Z$, the *composite function* $g \\circ f: X \\mapsto Z$ is defined by the formula\r\n$$\r\n(g \\circ f)(x) = g(f(x)) \\; , \\quad x \\in X \\; .\r\n$$\r\n(Notation: Definition [@CKgN])", 
    "status": "F", 
    "modified_by": 4, 
    "itemtype": "D", 
    "parent": null, 
    "final_id": "aPUJ", 
    "created_at": "2013-02-20T10:12:57Z", 
    "modified_at": "2013-02-20T10:12:57Z", 
    "created_by": 4
  }
},
{
  "pk": 3, 
  "model": "items.finalitem", 
  "fields": {
    "body": "The [numbers#number]\r\n$$\r\n0, 1, 2, 3, \\ldots\r\n$$\r\nare called the *non-negative integers*.", 
    "status": "F", 
    "modified_by": 2, 
    "itemtype": "D", 
    "parent": null, 
    "final_id": "f8gT", 
    "created_at": "2013-02-15T12:21:51Z", 
    "modified_at": "2013-02-15T12:21:51Z", 
    "created_by": 2
  }
},
{
  "pk": 4, 
  "model": "items.finalitem", 
  "fields": {
    "body": "If $p$ is [#prime], and $p \\mid a b$, then $p \\mid a$ or $p \\mid b$.\r\n\r\n(Notation: See Definition [@M827] for $b \\mid a$.)", 
    "status": "F", 
    "modified_by": 2, 
    "itemtype": "T", 
    "parent": null, 
    "final_id": "hpc2", 
    "created_at": "2013-02-21T08:02:29Z", 
    "modified_at": "2013-02-21T08:02:29Z", 
    "created_by": 2
  }
},
{
  "pk": 5, 
  "model": "items.finalitem", 
  "fields": {
    "body": "The number of [primes#prime] is [#infinite].", 
    "status": "F", 
    "modified_by": 2, 
    "itemtype": "T", 
    "parent": null, 
    "final_id": "mLrC", 
    "created_at": "2013-02-13T08:10:51Z", 
    "modified_at": "2013-02-13T08:10:51Z", 
    "created_by": 2
  }
},
{
  "pk": 6, 
  "model": "items.finalitem", 
  "fields": {
    "body": "The [#series]\r\n$$\r\n\\sum_{n=0}^\\infty \\frac{z^n}{n!}\r\n$$\r\n[converges absolutely#absolute-convergence] for every [complex#complex-number] $z$.", 
    "status": "F", 
    "modified_by": 2, 
    "itemtype": "T", 
    "parent": null, 
    "final_id": "nMhc", 
    "created_at": "2013-02-21T10:10:01Z", 
    "modified_at": "2013-02-21T10:10:01Z", 
    "created_by": 2
  }
},
{
  "pk": 7, 
  "model": "items.finalitem", 
  "fields": {
    "body": "The [square root#square-root] of $2$,\r\n$$\r\n\\sqrt{2}\r\n$$\r\nis [#irrational].", 
    "status": "F", 
    "modified_by": 3, 
    "itemtype": "T", 
    "parent": null, 
    "final_id": "nW9V", 
    "created_at": "2013-02-15T13:16:15Z", 
    "modified_at": "2013-02-15T13:16:15Z", 
    "created_by": 3
  }
},
{
  "pk": 8, 
  "model": "items.finalitem", 
  "fields": {
    "body": "A [number#positive-integer] $p$ is said to be *prime* if\r\n\r\n1. $p > 1$,\r\n2. $p$ has no [#positive] [#divisor]s except $1$ and $p$.", 
    "status": "F", 
    "modified_by": 2, 
    "itemtype": "D", 
    "parent": null, 
    "final_id": "zNua", 
    "created_at": "2013-02-13T07:55:10Z", 
    "modified_at": "2013-02-13T07:55:10Z", 
    "created_by": 2
  }
},
{
  "pk": 9, 
  "model": "items.finalitem", 
  "fields": {
    "body": "The symbol\r\n$$\r\nf: X \\mapsto Y\r\n$$\r\nmeans that $f$ is a *function* (or *mapping* or *transformation*) of the [#set] $X$ into the set $Y$; i.e., $f$ assigns to each $x \\in X$ an element $f(x) \\in Y$.", 
    "status": "F", 
    "modified_by": 4, 
    "itemtype": "D", 
    "parent": null, 
    "final_id": "CKgN", 
    "created_at": "2013-02-20T10:04:31Z", 
    "modified_at": "2013-02-20T10:04:31Z", 
    "created_by": 4
  }
},
{
  "pk": 10, 
  "model": "items.finalitem", 
  "fields": {
    "body": "The [#number]s\r\n$$\r\n\\ldots, -3, -2, -1, 0, 1, 2, \\ldots\r\n$$\r\nare called the *rational integers*, or simply the *integers*.", 
    "status": "F", 
    "modified_by": 2, 
    "itemtype": "D", 
    "parent": null, 
    "final_id": "FbYb", 
    "created_at": "2013-02-13T07:53:18Z", 
    "modified_at": "2013-02-13T07:53:18Z", 
    "created_by": 2
  }
},
{
  "pk": 11, 
  "model": "items.finalitem", 
  "fields": {
    "body": "The [numbers#number]\r\n$$\r\n1, 2, 3, \\ldots\r\n$$\r\nare called the *positive integers*.", 
    "status": "F", 
    "modified_by": 2, 
    "itemtype": "D", 
    "parent": null, 
    "final_id": "GEwn", 
    "created_at": "2013-02-15T12:26:39Z", 
    "modified_at": "2013-02-15T12:26:39Z", 
    "created_by": 2
  }
},
{
  "pk": 12, 
  "model": "items.finalitem", 
  "fields": {
    "body": "We express the fact that the [#integer] $a$ is [#divisible] by the integer $b \\neq 0$, or $b$ is a *divisor* of $a$, by\n$$\nb \\mid a \\; .\n$$", 
    "status": "F", 
    "modified_by": 3, 
    "itemtype": "D", 
    "parent": null, 
    "final_id": "M827", 
    "created_at": "2013-02-18T14:06:20Z", 
    "modified_at": "2013-02-18T14:06:20Z", 
    "created_by": 3
  }
},
{
  "pk": 13, 
  "model": "items.finalitem", 
  "fields": {
    "body": "bla bla", 
    "status": "F", 
    "modified_by": 2, 
    "itemtype": "P", 
    "parent": 5, 
    "final_id": "N47F", 
    "created_at": "2013-02-14T19:03:57Z", 
    "modified_at": "2013-02-14T19:03:57Z", 
    "created_by": 2
  }
},
{
  "pk": 14, 
  "model": "items.finalitem", 
  "fields": {
    "body": "The *exponential function* is defined for every [complex number#complex-number] $z$ by the formula\r\n$$\r\n\\exp(z) = \\sum_{n=0}^\\infty \\frac{z^n}{n!} \\; .\r\n$$\r\n\r\n(Refers to [#function].)", 
    "status": "F", 
    "modified_by": 2, 
    "itemtype": "D", 
    "parent": null, 
    "final_id": "NAg5", 
    "created_at": "2013-02-21T10:16:29Z", 
    "modified_at": "2013-02-21T10:16:29Z", 
    "created_by": 2
  }
},
{
  "pk": 15, 
  "model": "items.finalitem", 
  "fields": {
    "body": "A *rational number* is the [#ratio] ([#quotient]) of two [integers#integer], $p/q$, where $q$ is [#positive].", 
    "status": "F", 
    "modified_by": 2, 
    "itemtype": "D", 
    "parent": null, 
    "final_id": "R65x", 
    "created_at": "2013-03-06T08:22:48Z", 
    "modified_at": "2013-03-06T08:22:48Z", 
    "created_by": 2
  }
},
{
  "pk": 16, 
  "model": "items.finalitem", 
  "fields": {
    "body": "[Numbers#number] of the form\r\n$$\r\n\\frac{m}{n} \\; ,\r\n$$\r\nwhere $m$ and $n$ are [integers#integer] and $n \\neq 0$, are called *rational numbers*.", 
    "status": "F", 
    "modified_by": 2, 
    "itemtype": "D", 
    "parent": null, 
    "final_id": "SjWL", 
    "created_at": "2013-03-06T08:19:34Z", 
    "modified_at": "2013-03-06T08:19:34Z", 
    "created_by": 2
  }
},
{
  "pk": 17, 
  "model": "items.finalitem", 
  "fields": {
    "body": "Every [positive integer#positive-integer], except $1$, is a [#product] of [#prime]s.", 
    "status": "F", 
    "modified_by": 2, 
    "itemtype": "T", 
    "parent": null, 
    "final_id": "Utrs", 
    "created_at": "2013-02-13T08:09:28Z", 
    "modified_at": "2013-02-13T08:09:28Z", 
    "created_by": 2
  }
},
{
  "pk": 18, 
  "model": "items.finalitem", 
  "fields": {
    "body": "The [numbers#number]\r\n$$\r\n\\ldots, -3, -2, -1, 0, 1, 2, \\ldots\r\n$$\r\nare called the *integers*.", 
    "status": "F", 
    "modified_by": 2, 
    "itemtype": "D", 
    "parent": null, 
    "final_id": "Wc4Z", 
    "created_at": "2013-02-25T10:10:19Z", 
    "modified_at": "2013-02-25T10:10:19Z", 
    "created_by": 2
  }
},
{
  "pk": 19, 
  "model": "items.finalitem", 
  "fields": {
    "body": "[$\\pi$#pi] is [#irrational].", 
    "status": "F", 
    "modified_by": 2, 
    "itemtype": "T", 
    "parent": null, 
    "final_id": "WfNS", 
    "created_at": "2013-02-23T19:37:36Z", 
    "modified_at": "2013-02-23T19:37:36Z", 
    "created_by": 2
  }
},
{
  "pk": 20, 
  "model": "items.finalitem", 
  "fields": {
    "body": "The [#series]\r\n$$\r\n\\sum_{n=0}^\\infty \\frac{z^n}{n!}\r\n$$\r\n[converges uniformly#uniform-convergence] on every [#bounded] [#subset] of the [complex plane#complex-plane].", 
    "status": "F", 
    "modified_by": 2, 
    "itemtype": "T", 
    "parent": null, 
    "final_id": "WpTe", 
    "created_at": "2013-02-21T10:13:13Z", 
    "modified_at": "2013-02-21T10:13:13Z", 
    "created_by": 2
  }
},
{
  "pk": 21, 
  "model": "items.finalitem", 
  "fields": {
    "body": "Let $2, 3, 5, \\ldots, p$ be the aggregate of [primes#prime] up to $p$, and let\r\n$$\r\nq = 2 \\cdot 3 \\cdot 5 \\cdots p + 1 \\quad .\r\n$$\r\nThen $q$ is not [#divisible] by any of the [numbers#positive-integer] $2, 3, 5, \\ldots, p$. It is therefore either prime, or divisible by a prime between $p$ and $q$. In either case there is a prime greater than $p$, which proves the theorem.", 
    "status": "F", 
    "modified_by": 2, 
    "itemtype": "P", 
    "parent": 5, 
    "final_id": "WR6s", 
    "created_at": "2013-02-15T12:18:13Z", 
    "modified_at": "2013-02-15T12:18:13Z", 
    "created_by": 2
  }
},
{
  "pk": 22, 
  "model": "items.finalitem", 
  "fields": {
    "body": "Let $G$ be a [combinatorial game#combinatorial-game]. The game where the roles of Left and Right are reversed throughout $G$ is called the *negative* of $G$:\r\n$$\r\n-G = \\{ -G^R | -G^L \\}\r\n$$\r\n(inductive definition).", 
    "status": "F", 
    "modified_by": 2, 
    "itemtype": "D", 
    "parent": null, 
    "final_id": "GfeA", 
    "created_at": "2013-03-13T09:38:19Z", 
    "modified_at": "2013-03-13T09:38:19Z", 
    "created_by": 2
  }
},
{
  "pk": 23, 
  "model": "items.finalitem", 
  "fields": {
    "body": "A [game#combinatorial-game] $G$ is *positive* if there is a winning strategy for Left and we write\r\n$$\r\nG > 0 \\; .\r\n$$", 
    "status": "F", 
    "modified_by": 2, 
    "itemtype": "D", 
    "parent": null, 
    "final_id": "3vkH", 
    "created_at": "2013-03-13T09:45:22Z", 
    "modified_at": "2013-03-13T09:45:22Z", 
    "created_by": 2
  }
},
{
  "pk": 24, 
  "model": "items.finalitem", 
  "fields": {
    "body": "A [game#combinatorial-game] $G$ is *negative* if there is a winning strategy for Right and we write\r\n$$\r\nG < 0 \\; .\r\n$$", 
    "status": "F", 
    "modified_by": 2, 
    "itemtype": "D", 
    "parent": null, 
    "final_id": "dupm", 
    "created_at": "2013-03-13T09:51:04Z", 
    "modified_at": "2013-03-13T09:51:04Z", 
    "created_by": 2
  }
},
{
  "pk": 25, 
  "model": "items.finalitem", 
  "fields": {
    "body": "A [game#combinatorial-game] $G$ is *zero* if there is a winning strategy for the second player\r\n$$\r\nG = 0 \\; .\r\n$$", 
    "status": "F", 
    "modified_by": 2, 
    "itemtype": "D", 
    "parent": null, 
    "final_id": "e2T2", 
    "created_at": "2013-03-13T09:53:39Z", 
    "modified_at": "2013-03-13T09:53:39Z", 
    "created_by": 2
  }
},
{
  "pk": 26, 
  "model": "items.finalitem", 
  "fields": {
    "body": "A [game#combinatorial-game] $G$ is *fuzzy* if there is a winning strategy for the first player\r\n$$\r\nG \\parallel 0 \\; .\r\n$$", 
    "status": "F", 
    "modified_by": 2, 
    "itemtype": "D", 
    "parent": null, 
    "final_id": "PtRj", 
    "created_at": "2013-03-13T09:55:13Z", 
    "modified_at": "2013-03-13T09:55:13Z", 
    "created_by": 2
  }
},
{
  "pk": 27, 
  "model": "items.finalitem", 
  "fields": {
    "body": "A *real number* is a quantity $x$ that has a decimal expansion\r\n$$\r\nx = n + 0.d_1d_2d_3\\ldots \\; ,\r\n$$\r\nwhere $n$ is an [#integer], each $d_i$ is a digit between $0$ and $9$, and the [#sequence] of digits doesn't end with infinitely many $9$s. The representation above means that\r\n$$\r\nn + \\frac{d_1}{10} + \\frac{d_2}{100} + \\cdots + \\frac{d_k}{10^k} \\leq x < n + \\frac{d_1}{10} + \\frac{d_2}{100} + \\cdots + \\frac{d_k}{10^k} + \\frac{1}{10^k} \\; ,\r\n$$\r\nfor all [positive integers#positive-integer] $k$.", 
    "status": "F", 
    "modified_by": 2, 
    "itemtype": "D", 
    "parent": null, 
    "final_id": "2378", 
    "created_at": "2013-04-07T10:48:33Z", 
    "modified_at": "2013-04-07T10:48:33Z", 
    "created_by": 2
  }
},
{
  "pk": 28, 
  "model": "items.finalitem", 
  "fields": {
    "body": "Consider two [sets#set] $A$ and $B$, whose [elements#element] may be any objects whatsoever, and suppose that with each element $x$ of $A$ there is associated, in some manner, an element of $B$, which we denote by $f(x)$. Then $f$ is said to be a *function* from $A$ to $B$ (or a *mapping* of $A$ into $B$). The set $A$ is called the *domain* of $f$ (we also say $f$ is *defined on* $A$), and the elements $f(x)$ are called the *values* of $f$. The set of all values of $f$ is called the *range* of $f$.", 
    "status": "F", 
    "modified_by": 2, 
    "itemtype": "D", 
    "parent": null, 
    "final_id": "VTA6", 
    "created_at": "2013-04-07T10:52:15Z", 
    "modified_at": "2013-04-07T10:52:15Z", 
    "created_by": 2
  }
},
{
  "pk": 29, 
  "model": "items.finalitem", 
  "fields": {
    "body": "Let the [#function] $f$ be defined on $[a,b]$. If $f$ is [differentiable at a point#differentiable-at-a-point] $x \\in [a,b]$, then $f$ is [continuous at#continuous-at-a-point] $x$.", 
    "status": "F", 
    "modified_by": 2, 
    "itemtype": "T", 
    "parent": null, 
    "final_id": "ATZc", 
    "created_at": "2013-04-07T10:55:30Z", 
    "modified_at": "2013-04-07T10:55:30Z", 
    "created_by": 2
  }
},
{
  "pk": 30, 
  "model": "items.finalitem", 
  "fields": {
    "body": "Suppose $E \\subset X$ (see [#subset]), a [metric space#metric-space], $p$ is a [limit point#limit-point] of $E$, $f$ and $g$ are [complex functions#complex-function] on $E$, and\r\n$$\r\n\\lim_{x \\rightarrow p} f(x) = A \\; , \\quad \\lim_{x \\rightarrow p} g(x) = B \\; .\r\n$$\r\n\r\nThen\r\n\r\n1. $\\lim_{x \\rightarrow p} (f + g)(x) = A + B$;\r\n2. $\\lim_{x \\rightarrow p} (f g)(x) = A B$;\r\n3. $\\lim_{x \\rightarrow p} \\left( \\frac{f}{g} \\right)(x) = \\frac{A}{B}$.", 
    "status": "F", 
    "modified_by": 2, 
    "itemtype": "T", 
    "parent": null, 
    "final_id": "NtcC", 
    "created_at": "2013-04-07T11:08:31Z", 
    "modified_at": "2013-04-07T11:08:31Z", 
    "created_by": 2
  }
},
{
  "pk": 31, 
  "model": "items.finalitem", 
  "fields": {
    "body": "As $t \\rightarrow x$, we have, by Theorem [@NtcC],\r\n$$\r\nf(t) - f(x) = \\frac{f(t) - f(x)}{t - x} \\cdot (t - x) \\rightarrow f'(x) \\cdot 0 = 0 \\; .\r\n$$", 
    "status": "F", 
    "modified_by": 2, 
    "itemtype": "P", 
    "parent": 29, 
    "final_id": "YkEc", 
    "created_at": "2013-04-07T11:19:59Z", 
    "modified_at": "2013-04-07T11:19:59Z", 
    "created_by": 2
  }
},
{
  "pk": 2, 
  "model": "items.draftitem", 
  "fields": {
    "body": "New def", 
    "status": "D", 
    "itemtype": "D", 
    "parent": null, 
    "modified_at": "2013-02-13T13:29:25Z", 
    "created_by": 2
  }
},
{
  "pk": 4, 
  "model": "items.draftitem", 
  "fields": {
    "body": "For any [#integer] $a$ we have\r\n$$\r\n1 \\mid a, \\quad a \\mid a\r\n$$\r\n(where [$b \\mid a$#divisibility] expresses divisibility).", 
    "status": "D", 
    "itemtype": "T", 
    "parent": null, 
    "modified_at": "2013-02-18T14:10:43Z", 
    "created_by": 3
  }
},
{
  "pk": 5, 
  "model": "items.draftitem", 
  "fields": {
    "body": "Test review item", 
    "status": "R", 
    "itemtype": "T", 
    "parent": null, 
    "modified_at": "2013-04-12T09:33:43Z", 
    "created_by": 2
  }
},
{
  "pk": 1, 
  "model": "items.draftitemcategory", 
  "fields": {
    "category": 1, 
    "item": 4, 
    "primary": false
  }
},
{
  "pk": 2, 
  "model": "items.draftitemcategory", 
  "fields": {
    "category": 15, 
    "item": 4, 
    "primary": false
  }
},
{
  "pk": 3, 
  "model": "items.draftitemcategory", 
  "fields": {
    "category": 21, 
    "item": 4, 
    "primary": false
  }
},
{
  "pk": 1, 
  "model": "items.finalitemcategory", 
  "fields": {
    "category": 1, 
    "item": 10, 
    "primary": true
  }
},
{
  "pk": 2, 
  "model": "items.finalitemcategory", 
  "fields": {
    "category": 2, 
    "item": 10, 
    "primary": true
  }
},
{
  "pk": 3, 
  "model": "items.finalitemcategory", 
  "fields": {
    "category": 3, 
    "item": 10, 
    "primary": false
  }
},
{
  "pk": 4, 
  "model": "items.finalitemcategory", 
  "fields": {
    "category": 4, 
    "item": 8, 
    "primary": true
  }
},
{
  "pk": 5, 
  "model": "items.finalitemcategory", 
  "fields": {
    "category": 5, 
    "item": 8, 
    "primary": false
  }
},
{
  "pk": 6, 
  "model": "items.finalitemcategory", 
  "fields": {
    "category": 6, 
    "item": 8, 
    "primary": false
  }
},
{
  "pk": 7, 
  "model": "items.finalitemcategory", 
  "fields": {
    "category": 4, 
    "item": 17, 
    "primary": false
  }
},
{
  "pk": 8, 
  "model": "items.finalitemcategory", 
  "fields": {
    "category": 5, 
    "item": 17, 
    "primary": false
  }
},
{
  "pk": 9, 
  "model": "items.finalitemcategory", 
  "fields": {
    "category": 7, 
    "item": 17, 
    "primary": false
  }
},
{
  "pk": 10, 
  "model": "items.finalitemcategory", 
  "fields": {
    "category": 8, 
    "item": 5, 
    "primary": true
  }
},
{
  "pk": 11, 
  "model": "items.finalitemcategory", 
  "fields": {
    "category": 4, 
    "item": 5, 
    "primary": false
  }
},
{
  "pk": 12, 
  "model": "items.finalitemcategory", 
  "fields": {
    "category": 9, 
    "item": 5, 
    "primary": false
  }
},
{
  "pk": 13, 
  "model": "items.finalitemcategory", 
  "fields": {
    "category": 4, 
    "item": 21, 
    "primary": false
  }
},
{
  "pk": 14, 
  "model": "items.finalitemcategory", 
  "fields": {
    "category": 15, 
    "item": 21, 
    "primary": false
  }
},
{
  "pk": 15, 
  "model": "items.finalitemcategory", 
  "fields": {
    "category": 5, 
    "item": 21, 
    "primary": false
  }
},
{
  "pk": 16, 
  "model": "items.finalitemcategory", 
  "fields": {
    "category": 16, 
    "item": 3, 
    "primary": true
  }
},
{
  "pk": 17, 
  "model": "items.finalitemcategory", 
  "fields": {
    "category": 3, 
    "item": 3, 
    "primary": false
  }
},
{
  "pk": 18, 
  "model": "items.finalitemcategory", 
  "fields": {
    "category": 5, 
    "item": 11, 
    "primary": true
  }
},
{
  "pk": 19, 
  "model": "items.finalitemcategory", 
  "fields": {
    "category": 3, 
    "item": 11, 
    "primary": false
  }
},
{
  "pk": 20, 
  "model": "items.finalitemcategory", 
  "fields": {
    "category": 15, 
    "item": 1, 
    "primary": true
  }
},
{
  "pk": 21, 
  "model": "items.finalitemcategory", 
  "fields": {
    "category": 1, 
    "item": 1, 
    "primary": false
  }
},
{
  "pk": 22, 
  "model": "items.finalitemcategory", 
  "fields": {
    "category": 17, 
    "item": 7, 
    "primary": false
  }
},
{
  "pk": 23, 
  "model": "items.finalitemcategory", 
  "fields": {
    "category": 18, 
    "item": 7, 
    "primary": false
  }
},
{
  "pk": 24, 
  "model": "items.finalitemcategory", 
  "fields": {
    "category": 19, 
    "item": 7, 
    "primary": false
  }
},
{
  "pk": 25, 
  "model": "items.finalitemcategory", 
  "fields": {
    "category": 6, 
    "item": 12, 
    "primary": true
  }
},
{
  "pk": 26, 
  "model": "items.finalitemcategory", 
  "fields": {
    "category": 21, 
    "item": 12, 
    "primary": true
  }
},
{
  "pk": 27, 
  "model": "items.finalitemcategory", 
  "fields": {
    "category": 1, 
    "item": 12, 
    "primary": false
  }
},
{
  "pk": 28, 
  "model": "items.finalitemcategory", 
  "fields": {
    "category": 15, 
    "item": 12, 
    "primary": false
  }
},
{
  "pk": 29, 
  "model": "items.finalitemcategory", 
  "fields": {
    "category": 22, 
    "item": 9, 
    "primary": true
  }
},
{
  "pk": 30, 
  "model": "items.finalitemcategory", 
  "fields": {
    "category": 23, 
    "item": 9, 
    "primary": true
  }
},
{
  "pk": 31, 
  "model": "items.finalitemcategory", 
  "fields": {
    "category": 24, 
    "item": 9, 
    "primary": true
  }
},
{
  "pk": 32, 
  "model": "items.finalitemcategory", 
  "fields": {
    "category": 25, 
    "item": 9, 
    "primary": true
  }
},
{
  "pk": 33, 
  "model": "items.finalitemcategory", 
  "fields": {
    "category": 26, 
    "item": 9, 
    "primary": true
  }
},
{
  "pk": 34, 
  "model": "items.finalitemcategory", 
  "fields": {
    "category": 27, 
    "item": 9, 
    "primary": false
  }
},
{
  "pk": 35, 
  "model": "items.finalitemcategory", 
  "fields": {
    "category": 28, 
    "item": 2, 
    "primary": true
  }
},
{
  "pk": 36, 
  "model": "items.finalitemcategory", 
  "fields": {
    "category": 22, 
    "item": 2, 
    "primary": false
  }
},
{
  "pk": 37, 
  "model": "items.finalitemcategory", 
  "fields": {
    "category": 29, 
    "item": 2, 
    "primary": false
  }
},
{
  "pk": 38, 
  "model": "items.finalitemcategory", 
  "fields": {
    "category": 30, 
    "item": 4, 
    "primary": true
  }
},
{
  "pk": 39, 
  "model": "items.finalitemcategory", 
  "fields": {
    "category": 4, 
    "item": 4, 
    "primary": false
  }
},
{
  "pk": 40, 
  "model": "items.finalitemcategory", 
  "fields": {
    "category": 21, 
    "item": 4, 
    "primary": false
  }
},
{
  "pk": 41, 
  "model": "items.finalitemcategory", 
  "fields": {
    "category": 31, 
    "item": 4, 
    "primary": false
  }
},
{
  "pk": 42, 
  "model": "items.finalitemcategory", 
  "fields": {
    "category": 32, 
    "item": 6, 
    "primary": false
  }
},
{
  "pk": 43, 
  "model": "items.finalitemcategory", 
  "fields": {
    "category": 33, 
    "item": 6, 
    "primary": false
  }
},
{
  "pk": 44, 
  "model": "items.finalitemcategory", 
  "fields": {
    "category": 34, 
    "item": 6, 
    "primary": false
  }
},
{
  "pk": 45, 
  "model": "items.finalitemcategory", 
  "fields": {
    "category": 32, 
    "item": 20, 
    "primary": false
  }
},
{
  "pk": 46, 
  "model": "items.finalitemcategory", 
  "fields": {
    "category": 36, 
    "item": 20, 
    "primary": false
  }
},
{
  "pk": 47, 
  "model": "items.finalitemcategory", 
  "fields": {
    "category": 37, 
    "item": 20, 
    "primary": false
  }
},
{
  "pk": 48, 
  "model": "items.finalitemcategory", 
  "fields": {
    "category": 38, 
    "item": 20, 
    "primary": false
  }
},
{
  "pk": 49, 
  "model": "items.finalitemcategory", 
  "fields": {
    "category": 40, 
    "item": 14, 
    "primary": true
  }
},
{
  "pk": 50, 
  "model": "items.finalitemcategory", 
  "fields": {
    "category": 41, 
    "item": 14, 
    "primary": true
  }
},
{
  "pk": 51, 
  "model": "items.finalitemcategory", 
  "fields": {
    "category": 34, 
    "item": 14, 
    "primary": false
  }
},
{
  "pk": 52, 
  "model": "items.finalitemcategory", 
  "fields": {
    "category": 22, 
    "item": 14, 
    "primary": false
  }
},
{
  "pk": 53, 
  "model": "items.finalitemcategory", 
  "fields": {
    "category": 32, 
    "item": 14, 
    "primary": false
  }
},
{
  "pk": 54, 
  "model": "items.finalitemcategory", 
  "fields": {
    "category": 18, 
    "item": 19, 
    "primary": false
  }
},
{
  "pk": 55, 
  "model": "items.finalitemcategory", 
  "fields": {
    "category": 42, 
    "item": 19, 
    "primary": false
  }
},
{
  "pk": 56, 
  "model": "items.finalitemcategory", 
  "fields": {
    "category": 1, 
    "item": 18, 
    "primary": true
  }
},
{
  "pk": 57, 
  "model": "items.finalitemcategory", 
  "fields": {
    "category": 3, 
    "item": 18, 
    "primary": false
  }
},
{
  "pk": 58, 
  "model": "items.finalitemcategory", 
  "fields": {
    "category": 44, 
    "item": 16, 
    "primary": true
  }
},
{
  "pk": 59, 
  "model": "items.finalitemcategory", 
  "fields": {
    "category": 3, 
    "item": 16, 
    "primary": false
  }
},
{
  "pk": 60, 
  "model": "items.finalitemcategory", 
  "fields": {
    "category": 1, 
    "item": 16, 
    "primary": false
  }
},
{
  "pk": 61, 
  "model": "items.finalitemcategory", 
  "fields": {
    "category": 44, 
    "item": 15, 
    "primary": true
  }
},
{
  "pk": 62, 
  "model": "items.finalitemcategory", 
  "fields": {
    "category": 45, 
    "item": 15, 
    "primary": false
  }
},
{
  "pk": 63, 
  "model": "items.finalitemcategory", 
  "fields": {
    "category": 46, 
    "item": 15, 
    "primary": false
  }
},
{
  "pk": 64, 
  "model": "items.finalitemcategory", 
  "fields": {
    "category": 1, 
    "item": 15, 
    "primary": false
  }
},
{
  "pk": 65, 
  "model": "items.finalitemcategory", 
  "fields": {
    "category": 14, 
    "item": 15, 
    "primary": false
  }
},
{
  "pk": 66, 
  "model": "items.finalitemcategory", 
  "fields": {
    "category": 47, 
    "item": 22, 
    "primary": true
  }
},
{
  "pk": 67, 
  "model": "items.finalitemcategory", 
  "fields": {
    "category": 48, 
    "item": 22, 
    "primary": false
  }
},
{
  "pk": 68, 
  "model": "items.finalitemcategory", 
  "fields": {
    "category": 49, 
    "item": 22, 
    "primary": false
  }
},
{
  "pk": 69, 
  "model": "items.finalitemcategory", 
  "fields": {
    "category": 14, 
    "item": 23, 
    "primary": true
  }
},
{
  "pk": 70, 
  "model": "items.finalitemcategory", 
  "fields": {
    "category": 48, 
    "item": 23, 
    "primary": false
  }
},
{
  "pk": 71, 
  "model": "items.finalitemcategory", 
  "fields": {
    "category": 49, 
    "item": 23, 
    "primary": false
  }
},
{
  "pk": 72, 
  "model": "items.finalitemcategory", 
  "fields": {
    "category": 47, 
    "item": 24, 
    "primary": true
  }
},
{
  "pk": 73, 
  "model": "items.finalitemcategory", 
  "fields": {
    "category": 48, 
    "item": 24, 
    "primary": false
  }
},
{
  "pk": 74, 
  "model": "items.finalitemcategory", 
  "fields": {
    "category": 49, 
    "item": 24, 
    "primary": false
  }
},
{
  "pk": 75, 
  "model": "items.finalitemcategory", 
  "fields": {
    "category": 48, 
    "item": 25, 
    "primary": false
  }
},
{
  "pk": 76, 
  "model": "items.finalitemcategory", 
  "fields": {
    "category": 49, 
    "item": 25, 
    "primary": false
  }
},
{
  "pk": 77, 
  "model": "items.finalitemcategory", 
  "fields": {
    "category": 50, 
    "item": 25, 
    "primary": true
  }
},
{
  "pk": 78, 
  "model": "items.finalitemcategory", 
  "fields": {
    "category": 48, 
    "item": 26, 
    "primary": false
  }
},
{
  "pk": 79, 
  "model": "items.finalitemcategory", 
  "fields": {
    "category": 49, 
    "item": 26, 
    "primary": false
  }
},
{
  "pk": 80, 
  "model": "items.finalitemcategory", 
  "fields": {
    "category": 51, 
    "item": 26, 
    "primary": true
  }
},
{
  "pk": 81, 
  "model": "items.finalitemcategory", 
  "fields": {
    "category": 52, 
    "item": 27, 
    "primary": true
  }
},
{
  "pk": 82, 
  "model": "items.finalitemcategory", 
  "fields": {
    "category": 1, 
    "item": 27, 
    "primary": false
  }
},
{
  "pk": 83, 
  "model": "items.finalitemcategory", 
  "fields": {
    "category": 53, 
    "item": 27, 
    "primary": false
  }
},
{
  "pk": 84, 
  "model": "items.finalitemcategory", 
  "fields": {
    "category": 22, 
    "item": 28, 
    "primary": true
  }
},
{
  "pk": 85, 
  "model": "items.finalitemcategory", 
  "fields": {
    "category": 23, 
    "item": 28, 
    "primary": true
  }
},
{
  "pk": 86, 
  "model": "items.finalitemcategory", 
  "fields": {
    "category": 54, 
    "item": 28, 
    "primary": true
  }
},
{
  "pk": 87, 
  "model": "items.finalitemcategory", 
  "fields": {
    "category": 55, 
    "item": 28, 
    "primary": true
  }
},
{
  "pk": 88, 
  "model": "items.finalitemcategory", 
  "fields": {
    "category": 56, 
    "item": 28, 
    "primary": true
  }
},
{
  "pk": 89, 
  "model": "items.finalitemcategory", 
  "fields": {
    "category": 57, 
    "item": 28, 
    "primary": true
  }
},
{
  "pk": 90, 
  "model": "items.finalitemcategory", 
  "fields": {
    "category": 27, 
    "item": 28, 
    "primary": false
  }
},
{
  "pk": 91, 
  "model": "items.finalitemcategory", 
  "fields": {
    "category": 58, 
    "item": 28, 
    "primary": false
  }
},
{
  "pk": 92, 
  "model": "items.finalitemcategory", 
  "fields": {
    "category": 22, 
    "item": 29, 
    "primary": false
  }
},
{
  "pk": 93, 
  "model": "items.finalitemcategory", 
  "fields": {
    "category": 59, 
    "item": 29, 
    "primary": false
  }
},
{
  "pk": 94, 
  "model": "items.finalitemcategory", 
  "fields": {
    "category": 60, 
    "item": 29, 
    "primary": false
  }
},
{
  "pk": 95, 
  "model": "items.finalitemcategory", 
  "fields": {
    "category": 61, 
    "item": 30, 
    "primary": false
  }
},
{
  "pk": 96, 
  "model": "items.finalitemcategory", 
  "fields": {
    "category": 62, 
    "item": 30, 
    "primary": false
  }
},
{
  "pk": 97, 
  "model": "items.finalitemcategory", 
  "fields": {
    "category": 63, 
    "item": 30, 
    "primary": false
  }
},
{
  "pk": 1, 
  "model": "items.itemtagcategory", 
  "fields": {
    "category": 65, 
    "item": 1, 
    "tag": 1
  }
},
{
  "pk": 2, 
  "model": "items.itemtagcategory", 
  "fields": {
    "category": 66, 
    "item": 3, 
    "tag": 3
  }
},
{
  "pk": 3, 
  "model": "items.itemtagcategory", 
  "fields": {
    "category": 67, 
    "item": 4, 
    "tag": 4
  }
},
{
  "pk": 4, 
  "model": "items.itemtagcategory", 
  "fields": {
    "category": 68, 
    "item": 5, 
    "tag": 9
  }
},
{
  "pk": 5, 
  "model": "items.itemtagcategory", 
  "fields": {
    "category": 67, 
    "item": 5, 
    "tag": 4
  }
},
{
  "pk": 6, 
  "model": "items.itemtagcategory", 
  "fields": {
    "category": 69, 
    "item": 6, 
    "tag": 32
  }
},
{
  "pk": 7, 
  "model": "items.itemtagcategory", 
  "fields": {
    "category": 70, 
    "item": 6, 
    "tag": 65
  }
},
{
  "pk": 8, 
  "model": "items.itemtagcategory", 
  "fields": {
    "category": 71, 
    "item": 6, 
    "tag": 66
  }
},
{
  "pk": 9, 
  "model": "items.itemtagcategory", 
  "fields": {
    "category": 72, 
    "item": 7, 
    "tag": 18
  }
},
{
  "pk": 10, 
  "model": "items.itemtagcategory", 
  "fields": {
    "category": 73, 
    "item": 7, 
    "tag": 67
  }
},
{
  "pk": 11, 
  "model": "items.itemtagcategory", 
  "fields": {
    "category": 74, 
    "item": 8, 
    "tag": 68
  }
},
{
  "pk": 12, 
  "model": "items.itemtagcategory", 
  "fields": {
    "category": 75, 
    "item": 8, 
    "tag": 14
  }
},
{
  "pk": 13, 
  "model": "items.itemtagcategory", 
  "fields": {
    "category": 76, 
    "item": 8, 
    "tag": 6
  }
},
{
  "pk": 14, 
  "model": "items.itemtagcategory", 
  "fields": {
    "category": 77, 
    "item": 9, 
    "tag": 27
  }
},
{
  "pk": 15, 
  "model": "items.itemtagcategory", 
  "fields": {
    "category": 66, 
    "item": 10, 
    "tag": 3
  }
},
{
  "pk": 16, 
  "model": "items.itemtagcategory", 
  "fields": {
    "category": 66, 
    "item": 11, 
    "tag": 3
  }
},
{
  "pk": 17, 
  "model": "items.itemtagcategory", 
  "fields": {
    "category": 65, 
    "item": 12, 
    "tag": 1
  }
},
{
  "pk": 18, 
  "model": "items.itemtagcategory", 
  "fields": {
    "category": 78, 
    "item": 12, 
    "tag": 15
  }
},
{
  "pk": 19, 
  "model": "items.itemtagcategory", 
  "fields": {
    "category": 71, 
    "item": 14, 
    "tag": 66
  }
},
{
  "pk": 20, 
  "model": "items.itemtagcategory", 
  "fields": {
    "category": 79, 
    "item": 14, 
    "tag": 22
  }
},
{
  "pk": 21, 
  "model": "items.itemtagcategory", 
  "fields": {
    "category": 65, 
    "item": 15, 
    "tag": 1
  }
},
{
  "pk": 22, 
  "model": "items.itemtagcategory", 
  "fields": {
    "category": 80, 
    "item": 15, 
    "tag": 46
  }
},
{
  "pk": 23, 
  "model": "items.itemtagcategory", 
  "fields": {
    "category": 81, 
    "item": 15, 
    "tag": 45
  }
},
{
  "pk": 24, 
  "model": "items.itemtagcategory", 
  "fields": {
    "category": 75, 
    "item": 15, 
    "tag": 14
  }
},
{
  "pk": 25, 
  "model": "items.itemtagcategory", 
  "fields": {
    "category": 65, 
    "item": 16, 
    "tag": 1
  }
},
{
  "pk": 26, 
  "model": "items.itemtagcategory", 
  "fields": {
    "category": 66, 
    "item": 16, 
    "tag": 3
  }
},
{
  "pk": 27, 
  "model": "items.itemtagcategory", 
  "fields": {
    "category": 74, 
    "item": 17, 
    "tag": 68
  }
},
{
  "pk": 28, 
  "model": "items.itemtagcategory", 
  "fields": {
    "category": 67, 
    "item": 17, 
    "tag": 4
  }
},
{
  "pk": 29, 
  "model": "items.itemtagcategory", 
  "fields": {
    "category": 82, 
    "item": 17, 
    "tag": 7
  }
},
{
  "pk": 30, 
  "model": "items.itemtagcategory", 
  "fields": {
    "category": 66, 
    "item": 18, 
    "tag": 3
  }
},
{
  "pk": 31, 
  "model": "items.itemtagcategory", 
  "fields": {
    "category": 72, 
    "item": 19, 
    "tag": 18
  }
},
{
  "pk": 32, 
  "model": "items.itemtagcategory", 
  "fields": {
    "category": 83, 
    "item": 19, 
    "tag": 69
  }
},
{
  "pk": 33, 
  "model": "items.itemtagcategory", 
  "fields": {
    "category": 69, 
    "item": 20, 
    "tag": 32
  }
},
{
  "pk": 34, 
  "model": "items.itemtagcategory", 
  "fields": {
    "category": 84, 
    "item": 20, 
    "tag": 39
  }
},
{
  "pk": 35, 
  "model": "items.itemtagcategory", 
  "fields": {
    "category": 85, 
    "item": 20, 
    "tag": 37
  }
},
{
  "pk": 36, 
  "model": "items.itemtagcategory", 
  "fields": {
    "category": 86, 
    "item": 20, 
    "tag": 70
  }
},
{
  "pk": 37, 
  "model": "items.itemtagcategory", 
  "fields": {
    "category": 87, 
    "item": 20, 
    "tag": 71
  }
},
{
  "pk": 38, 
  "model": "items.itemtagcategory", 
  "fields": {
    "category": 67, 
    "item": 21, 
    "tag": 4
  }
},
{
  "pk": 39, 
  "model": "items.itemtagcategory", 
  "fields": {
    "category": 74, 
    "item": 21, 
    "tag": 68
  }
},
{
  "pk": 40, 
  "model": "items.itemtagcategory", 
  "fields": {
    "category": 78, 
    "item": 21, 
    "tag": 15
  }
},
{
  "pk": 41, 
  "model": "items.itemtagcategory", 
  "fields": {
    "category": 88, 
    "item": 22, 
    "tag": 72
  }
},
{
  "pk": 42, 
  "model": "items.itemtagcategory", 
  "fields": {
    "category": 88, 
    "item": 23, 
    "tag": 72
  }
},
{
  "pk": 43, 
  "model": "items.itemtagcategory", 
  "fields": {
    "category": 88, 
    "item": 24, 
    "tag": 72
  }
},
{
  "pk": 44, 
  "model": "items.itemtagcategory", 
  "fields": {
    "category": 88, 
    "item": 25, 
    "tag": 72
  }
},
{
  "pk": 45, 
  "model": "items.itemtagcategory", 
  "fields": {
    "category": 88, 
    "item": 26, 
    "tag": 72
  }
},
{
  "pk": 46, 
  "model": "items.itemtagcategory", 
  "fields": {
    "category": 65, 
    "item": 27, 
    "tag": 1
  }
},
{
  "pk": 47, 
  "model": "items.itemtagcategory", 
  "fields": {
    "category": 74, 
    "item": 27, 
    "tag": 68
  }
},
{
  "pk": 48, 
  "model": "items.itemtagcategory", 
  "fields": {
    "category": 89, 
    "item": 27, 
    "tag": 53
  }
},
{
  "pk": 49, 
  "model": "items.itemtagcategory", 
  "fields": {
    "category": 90, 
    "item": 28, 
    "tag": 58
  }
},
{
  "pk": 50, 
  "model": "items.itemtagcategory", 
  "fields": {
    "category": 77, 
    "item": 28, 
    "tag": 27
  }
},
{
  "pk": 51, 
  "model": "items.itemtagcategory", 
  "fields": {
    "category": 91, 
    "item": 29, 
    "tag": 73
  }
},
{
  "pk": 52, 
  "model": "items.itemtagcategory", 
  "fields": {
    "category": 92, 
    "item": 29, 
    "tag": 74
  }
},
{
  "pk": 53, 
  "model": "items.itemtagcategory", 
  "fields": {
    "category": 79, 
    "item": 29, 
    "tag": 22
  }
},
{
  "pk": 54, 
  "model": "items.itemtagcategory", 
  "fields": {
    "category": 93, 
    "item": 30, 
    "tag": 75
  }
},
{
  "pk": 55, 
  "model": "items.itemtagcategory", 
  "fields": {
    "category": 94, 
    "item": 30, 
    "tag": 76
  }
},
{
  "pk": 56, 
  "model": "items.itemtagcategory", 
  "fields": {
    "category": 95, 
    "item": 30, 
    "tag": 77
  }
},
{
  "pk": 57, 
  "model": "items.itemtagcategory", 
  "fields": {
    "category": 84, 
    "item": 30, 
    "tag": 39
  }
},
{
  "pk": 1, 
  "model": "sources.refauthor", 
  "fields": {
    "name": "Hardy, Godfrey Harold"
  }
},
{
  "pk": 2, 
  "model": "sources.refauthor", 
  "fields": {
    "name": "Wright, Edward Maitland"
  }
},
{
  "pk": 3, 
  "model": "sources.refauthor", 
  "fields": {
    "name": "Rudin, Walter"
  }
},
{
  "pk": 4, 
  "model": "sources.refauthor", 
  "fields": {
    "name": "Knuth, Donald Ervin"
  }
},
{
  "pk": 5, 
  "model": "sources.refauthor", 
  "fields": {
    "name": "Conway, John"
  }
},
{
  "pk": 1, 
  "model": "sources.refnode", 
  "fields": {
    "publisher": "Oxford University Press", 
    "isbn10": "0198531710", 
    "isbn13": null, 
    "title": "An Introduction to the Theory of Numbers", 
    "series": "Oxford Science Publications", 
    "created_at": "2013-02-06T13:17:40Z", 
    "extra": "pages:426", 
    "created_by": 2, 
    "volume": null, 
    "edition": "Fifth", 
    "authors": [
      1, 
      2
    ], 
    "year": 1979
  }
},
{
  "pk": 2, 
  "model": "sources.refnode", 
  "fields": {
    "publisher": "McGraw-Hill", 
    "isbn10": "0070856133", 
    "isbn13": null, 
    "title": "Principles of Mathematical Analysis", 
    "series": "International series in pure and applied mathematics", 
    "created_at": "2013-02-07T08:17:46Z", 
    "extra": "pages:342", 
    "created_by": 2, 
    "volume": null, 
    "edition": "Third", 
    "authors": [
      3
    ], 
    "year": 1976
  }
},
{
  "pk": 3, 
  "model": "sources.refnode", 
  "fields": {
    "publisher": "McGraw-Hill", 
    "isbn10": "0070542341", 
    "isbn13": null, 
    "title": "Real and complex analysis", 
    "series": "McGraw-Hill series in higher mathematics", 
    "created_at": "2013-02-07T08:20:52Z", 
    "extra": "pages:416", 
    "created_by": 2, 
    "volume": null, 
    "edition": "Third", 
    "authors": [
      3
    ], 
    "year": 1987
  }
},
{
  "pk": 4, 
  "model": "sources.refnode", 
  "fields": {
    "publisher": "Addison-Wesley", 
    "isbn10": "0201896834", 
    "isbn13": null, 
    "title": "The Art of Computer Programming: Fundamental Algorithms", 
    "series": "The Art of Computer Programming", 
    "created_at": "2013-02-25T10:13:42Z", 
    "extra": "pages:xx+650", 
    "created_by": 2, 
    "volume": "1", 
    "edition": "Third", 
    "authors": [
      4
    ], 
    "year": 1997
  }
},
{
  "pk": 5, 
  "model": "sources.refnode", 
  "fields": {
    "publisher": "A K Peters, Ltd.", 
    "isbn10": "1568811276", 
    "isbn13": null, 
    "title": "On Numbers and Games", 
    "series": null, 
    "created_at": "2013-03-13T09:40:48Z", 
    "extra": "pages:242", 
    "created_by": 2, 
    "volume": null, 
    "edition": "Second", 
    "authors": [
      5
    ], 
    "year": 2001
  }
},
{
  "pk": 1, 
  "model": "sources.sourcevalidation", 
  "fields": {
    "item": 10, 
    "created_at": "2013-02-13T08:20:32Z", 
    "location": "Page 1", 
    "created_by": 2, 
    "source": 1
  }
},
{
  "pk": 2, 
  "model": "sources.sourcevalidation", 
  "fields": {
    "item": 8, 
    "created_at": "2013-02-13T08:22:46Z", 
    "location": "Page 2", 
    "created_by": 2, 
    "source": 1
  }
},
{
  "pk": 3, 
  "model": "sources.sourcevalidation", 
  "fields": {
    "item": 17, 
    "created_at": "2013-02-13T08:23:32Z", 
    "location": "Theorem 1, page 2", 
    "created_by": 2, 
    "source": 1
  }
},
{
  "pk": 4, 
  "model": "sources.sourcevalidation", 
  "fields": {
    "item": 5, 
    "created_at": "2013-02-13T08:23:48Z", 
    "location": "Theorem 4, page 4", 
    "created_by": 2, 
    "source": 1
  }
},
{
  "pk": 5, 
  "model": "sources.sourcevalidation", 
  "fields": {
    "item": 21, 
    "created_at": "2013-02-15T12:19:44Z", 
    "location": "Section 2.1, page 12", 
    "created_by": 2, 
    "source": 1
  }
},
{
  "pk": 6, 
  "model": "sources.sourcevalidation", 
  "fields": {
    "item": 3, 
    "created_at": "2013-02-15T12:22:19Z", 
    "location": "Section 1.1, page 1", 
    "created_by": 2, 
    "source": 1
  }
},
{
  "pk": 7, 
  "model": "sources.sourcevalidation", 
  "fields": {
    "item": 11, 
    "created_at": "2013-02-15T12:26:57Z", 
    "location": "Section 1.1, page 1", 
    "created_by": 2, 
    "source": 1
  }
},
{
  "pk": 8, 
  "model": "sources.sourcevalidation", 
  "fields": {
    "item": 1, 
    "created_at": "2013-02-15T13:14:04Z", 
    "location": "Section 1.1, page 1", 
    "created_by": 3, 
    "source": 1
  }
},
{
  "pk": 9, 
  "model": "sources.sourcevalidation", 
  "fields": {
    "item": 12, 
    "created_at": "2013-02-18T14:07:12Z", 
    "location": "Section 1.1, page 1", 
    "created_by": 3, 
    "source": 1
  }
},
{
  "pk": 10, 
  "model": "sources.sourcevalidation", 
  "fields": {
    "item": 9, 
    "created_at": "2013-02-20T10:05:03Z", 
    "location": "Section 1.1, page 7", 
    "created_by": 4, 
    "source": 3
  }
},
{
  "pk": 11, 
  "model": "sources.sourcevalidation", 
  "fields": {
    "item": 2, 
    "created_at": "2013-02-20T10:43:44Z", 
    "location": "Section 1.1, page 7", 
    "created_by": 3, 
    "source": 3
  }
},
{
  "pk": 12, 
  "model": "sources.sourcevalidation", 
  "fields": {
    "item": 4, 
    "created_at": "2013-02-21T08:03:14Z", 
    "location": "Theorem 3, Section 1.3, page 3", 
    "created_by": 2, 
    "source": 1
  }
},
{
  "pk": 13, 
  "model": "sources.sourcevalidation", 
  "fields": {
    "item": 6, 
    "created_at": "2013-02-21T10:10:28Z", 
    "location": "Page 1", 
    "created_by": 2, 
    "source": 3
  }
},
{
  "pk": 14, 
  "model": "sources.sourcevalidation", 
  "fields": {
    "item": 20, 
    "created_at": "2013-02-21T10:13:28Z", 
    "location": "Page 1", 
    "created_by": 2, 
    "source": 3
  }
},
{
  "pk": 15, 
  "model": "sources.sourcevalidation", 
  "fields": {
    "item": 14, 
    "created_at": "2013-02-21T10:16:43Z", 
    "location": "Page 1", 
    "created_by": 2, 
    "source": 3
  }
},
{
  "pk": 16, 
  "model": "sources.sourcevalidation", 
  "fields": {
    "item": 18, 
    "created_at": "2013-02-25T10:14:14Z", 
    "location": "Section 1.2.2, page 21", 
    "created_by": 2, 
    "source": 4
  }
},
{
  "pk": 17, 
  "model": "sources.sourcevalidation", 
  "fields": {
    "item": 18, 
    "created_at": "2013-02-25T10:14:54Z", 
    "location": "Section 1.1, page 1", 
    "created_by": 2, 
    "source": 1
  }
},
{
  "pk": 18, 
  "model": "sources.sourcevalidation", 
  "fields": {
    "item": 16, 
    "created_at": "2013-03-06T08:19:59Z", 
    "location": "Page 1", 
    "created_by": 2, 
    "source": 2
  }
},
{
  "pk": 19, 
  "model": "sources.sourcevalidation", 
  "fields": {
    "item": 15, 
    "created_at": "2013-03-06T08:23:23Z", 
    "location": "Section 1.2.2, page 21", 
    "created_by": 2, 
    "source": 4
  }
},
{
  "pk": 20, 
  "model": "sources.sourcevalidation", 
  "fields": {
    "item": 22, 
    "created_at": "2013-03-13T09:41:25Z", 
    "location": "Chapter 7, page 73", 
    "created_by": 2, 
    "source": 5
  }
},
{
  "pk": 21, 
  "model": "sources.sourcevalidation", 
  "fields": {
    "item": 23, 
    "created_at": "2013-03-13T09:45:46Z", 
    "location": "Chapter 7, page 73", 
    "created_by": 2, 
    "source": 5
  }
},
{
  "pk": 22, 
  "model": "sources.sourcevalidation", 
  "fields": {
    "item": 24, 
    "created_at": "2013-03-13T09:51:16Z", 
    "location": "Chapter 7, page 73", 
    "created_by": 2, 
    "source": 5
  }
},
{
  "pk": 23, 
  "model": "sources.sourcevalidation", 
  "fields": {
    "item": 25, 
    "created_at": "2013-03-13T09:53:53Z", 
    "location": "Chapter 7, page 73", 
    "created_by": 2, 
    "source": 5
  }
},
{
  "pk": 24, 
  "model": "sources.sourcevalidation", 
  "fields": {
    "item": 26, 
    "created_at": "2013-03-13T09:55:23Z", 
    "location": "Chapter 7, page 73", 
    "created_by": 2, 
    "source": 5
  }
},
{
  "pk": 25, 
  "model": "sources.sourcevalidation", 
  "fields": {
    "item": 27, 
    "created_at": "2013-04-07T10:49:22Z", 
    "location": "Section 1.2.2, page 21", 
    "created_by": 2, 
    "source": 4
  }
},
{
  "pk": 26, 
  "model": "sources.sourcevalidation", 
  "fields": {
    "item": 28, 
    "created_at": "2013-04-07T10:53:31Z", 
    "location": "Definition 2.1, page 24", 
    "created_by": 2, 
    "source": 2
  }
},
{
  "pk": 27, 
  "model": "sources.sourcevalidation", 
  "fields": {
    "item": 29, 
    "created_at": "2013-04-07T10:57:58Z", 
    "location": "Theorem 5.2, page 104", 
    "created_by": 2, 
    "source": 2
  }
}
]
