[{"pk": 761110, "model": "items.finalitem", "fields": {"body": "An [#integer] $a$ is said to be *divisible* by another integer $b$, not $0$, if there is a third integer $c$ such that\r\n$$\r\na = b c \\; .\r\n$$", "status": "F", "modified_by": 3, "itemtype": "D", "parent": null, "created_at": "2013-02-15T13:00:29Z", "modified_at": "2013-02-15T13:00:29Z", "created_by": 3}}, {"pk": 1466834, "model": "items.finalitem", "fields": {"body": "If $f: X \\mapsto Y$ and $g: Y \\mapsto Z$, the *composite function* $g \\circ f: X \\mapsto Z$ is defined by the formula\r\n$$\r\n(g \\circ f)(x) = g(f(x)) \\; , \\quad x \\in X \\; .\r\n$$\r\n(Notation: Definition [@CKgN])", "status": "F", "modified_by": 4, "itemtype": "D", "parent": null, "created_at": "2013-02-20T10:12:57Z", "modified_at": "2013-02-20T10:12:57Z", "created_by": 4}}, {"pk": 2181843, "model": "items.finalitem", "fields": {"body": "The [numbers#number]\r\n$$\r\n0, 1, 2, 3, \\ldots\r\n$$\r\nare called the *non-negative integers*.", "status": "F", "modified_by": 2, "itemtype": "D", "parent": null, "created_at": "2013-02-15T12:21:51Z", "modified_at": "2013-02-15T12:21:51Z", "created_by": 2}}, {"pk": 3120018, "model": "items.finalitem", "fields": {"body": "The number of [primes#prime] is [#infinite(cardinality)].", "status": "F", "modified_by": 2, "itemtype": "T", "parent": null, "created_at": "2013-02-13T08:10:51Z", "modified_at": "2013-02-13T08:10:51Z", "created_by": 2}}, {"pk": 3315835, "model": "items.finalitem", "fields": {"body": "The [square root#square root(real numbers)] of $2$,\r\n$$\r\n\\sqrt{2}\r\n$$\r\nis [#irrational(number)].", "status": "F", "modified_by": 3, "itemtype": "T", "parent": null, "created_at": "2013-02-15T13:16:15Z", "modified_at": "2013-02-15T13:16:15Z", "created_by": 3}}, {"pk": 5122708, "model": "items.finalitem", "fields": {"body": "A [number#positive integer] $p$ is said to be *prime* if\r\n\r\n1. $p > 1$,\r\n2. $p$ has no [#positive(number)] [#divisor(number)]s except $1$ and $p$.", "status": "F", "modified_by": 2, "itemtype": "D", "parent": null, "created_at": "2013-02-13T07:55:10Z", "modified_at": "2013-02-13T07:55:10Z", "created_by": 2}}, {"pk": 5612188, "model": "items.finalitem", "fields": {"body": "The symbol\r\n$$\r\nf: X \\mapsto Y\r\n$$\r\nmeans that $f$ is a *function* (or *mapping* or *transformation*) of the [#set] $X$ into the set $Y$; i.e., $f$ assigns to each $x \\in X$ an element $f(x) \\in Y$.", "status": "F", "modified_by": 4, "itemtype": "D", "parent": null, "created_at": "2013-02-20T10:04:31Z", "modified_at": "2013-02-20T10:04:31Z", "created_by": 4}}, {"pk": 6019649, "model": "items.finalitem", "fields": {"body": "The [#number]s\r\n$$\r\n\\ldots, -3, -2, -1, 0, 1, 2, \\ldots\r\n$$\r\nare called the *rational integers*, or simply the *integers*.", "status": "F", "modified_by": 2, "itemtype": "D", "parent": null, "created_at": "2013-02-13T07:53:18Z", "modified_at": "2013-02-13T07:53:18Z", "created_by": 2}}, {"pk": 6263254, "model": "items.finalitem", "fields": {"body": "The [numbers#number]\r\n$$\r\n1, 2, 3, \\ldots\r\n$$\r\nare called the *positive integers*.", "status": "F", "modified_by": 2, "itemtype": "D", "parent": null, "created_at": "2013-02-15T12:26:39Z", "modified_at": "2013-02-15T12:26:39Z", "created_by": 2}}, {"pk": 7005905, "model": "items.finalitem", "fields": {"body": "We express the fact that the [#integer] $a$ is divisible by the integer $b \\neq 0$, or $b$ is a *divisor* of $a$, by\r\n$$\r\nb \\mid a \\; .\r\n$$", "status": "F", "modified_by": 3, "itemtype": "D", "parent": null, "created_at": "2013-02-18T14:06:20Z", "modified_at": "2013-02-18T14:06:20Z", "created_by": 3}}, {"pk": 7160486, "model": "items.finalitem", "fields": {"body": "bla bla", "status": "F", "modified_by": 2, "itemtype": "P", "parent": 3120018, "created_at": "2013-02-14T19:03:57Z", "modified_at": "2013-02-14T19:03:57Z", "created_by": 2}}, {"pk": 8226208, "model": "items.finalitem", "fields": {"body": "Every [#positive integer], except $1$, is a [#product(integer)] of [#prime]s.", "status": "F", "modified_by": 2, "itemtype": "T", "parent": null, "created_at": "2013-02-13T08:09:28Z", "modified_at": "2013-02-13T08:09:28Z", "created_by": 2}}, {"pk": 8624518, "model": "items.finalitem", "fields": {"body": "Let $2, 3, 5, \\ldots, p$ be the aggregate of [primes#prime] up to $p$, and let\r\n$$\r\nq = 2 \\cdot 3 \\cdot 5 \\cdots p + 1 \\quad .\r\n$$\r\nThen $q$ is not [#divisible] by any of the [numbers#positive integer] $2, 3, 5, \\ldots, p$. It is therefore either prime, or divisible by a prime between $p$ and $q$. In either case there is a prime greater than $p$, which proves the theorem.", "status": "F", "modified_by": 2, "itemtype": "P", "parent": 3120018, "created_at": "2013-02-15T12:18:13Z", "modified_at": "2013-02-15T12:18:13Z", "created_by": 2}}, {"pk": 2, "model": "items.draftitem", "fields": {"body": "New def", "status": "D", "itemtype": "D", "parent": null, "modified_at": "2013-02-13T13:29:25Z", "created_by": 2}}, {"pk": 4, "model": "items.draftitem", "fields": {"body": "For any [#integer] $a$ we have\r\n$$\r\n1 \\mid a, \\quad a \\mid a\r\n$$\r\n(where [#$b \\mid a$] expresses divisibility).", "status": "D", "itemtype": "T", "parent": null, "modified_at": "2013-02-18T14:10:43Z", "created_by": 3}}, {"pk": 5, "model": "items.draftitemtag", "fields": {"item": 4, "tag": 1, "primary": false}}, {"pk": 6, "model": "items.draftitemtag", "fields": {"item": 4, "tag": 15, "primary": false}}, {"pk": 7, "model": "items.draftitemtag", "fields": {"item": 4, "tag": 21, "primary": false}}, {"pk": 1, "model": "items.finalitemtag", "fields": {"item": 6019649, "tag": 1, "primary": true}}, {"pk": 2, "model": "items.finalitemtag", "fields": {"item": 6019649, "tag": 2, "primary": true}}, {"pk": 3, "model": "items.finalitemtag", "fields": {"item": 6019649, "tag": 3, "primary": false}}, {"pk": 4, "model": "items.finalitemtag", "fields": {"item": 5122708, "tag": 4, "primary": true}}, {"pk": 5, "model": "items.finalitemtag", "fields": {"item": 5122708, "tag": 5, "primary": false}}, {"pk": 6, "model": "items.finalitemtag", "fields": {"item": 5122708, "tag": 6, "primary": false}}, {"pk": 7, "model": "items.finalitemtag", "fields": {"item": 8226208, "tag": 4, "primary": false}}, {"pk": 8, "model": "items.finalitemtag", "fields": {"item": 8226208, "tag": 5, "primary": false}}, {"pk": 9, "model": "items.finalitemtag", "fields": {"item": 8226208, "tag": 7, "primary": false}}, {"pk": 10, "model": "items.finalitemtag", "fields": {"item": 3120018, "tag": 8, "primary": true}}, {"pk": 11, "model": "items.finalitemtag", "fields": {"item": 3120018, "tag": 4, "primary": false}}, {"pk": 12, "model": "items.finalitemtag", "fields": {"item": 3120018, "tag": 9, "primary": false}}, {"pk": 13, "model": "items.finalitemtag", "fields": {"item": 8624518, "tag": 4, "primary": false}}, {"pk": 14, "model": "items.finalitemtag", "fields": {"item": 8624518, "tag": 15, "primary": false}}, {"pk": 15, "model": "items.finalitemtag", "fields": {"item": 8624518, "tag": 5, "primary": false}}, {"pk": 16, "model": "items.finalitemtag", "fields": {"item": 2181843, "tag": 16, "primary": true}}, {"pk": 17, "model": "items.finalitemtag", "fields": {"item": 2181843, "tag": 3, "primary": false}}, {"pk": 18, "model": "items.finalitemtag", "fields": {"item": 6263254, "tag": 5, "primary": true}}, {"pk": 19, "model": "items.finalitemtag", "fields": {"item": 6263254, "tag": 3, "primary": false}}, {"pk": 20, "model": "items.finalitemtag", "fields": {"item": 761110, "tag": 15, "primary": true}}, {"pk": 21, "model": "items.finalitemtag", "fields": {"item": 761110, "tag": 1, "primary": false}}, {"pk": 22, "model": "items.finalitemtag", "fields": {"item": 3315835, "tag": 17, "primary": false}}, {"pk": 23, "model": "items.finalitemtag", "fields": {"item": 3315835, "tag": 18, "primary": false}}, {"pk": 24, "model": "items.finalitemtag", "fields": {"item": 3315835, "tag": 19, "primary": false}}, {"pk": 25, "model": "items.finalitemtag", "fields": {"item": 7005905, "tag": 6, "primary": true}}, {"pk": 26, "model": "items.finalitemtag", "fields": {"item": 7005905, "tag": 21, "primary": true}}, {"pk": 27, "model": "items.finalitemtag", "fields": {"item": 7005905, "tag": 1, "primary": false}}, {"pk": 28, "model": "items.finalitemtag", "fields": {"item": 7005905, "tag": 15, "primary": false}}, {"pk": 29, "model": "items.finalitemtag", "fields": {"item": 5612188, "tag": 22, "primary": true}}, {"pk": 30, "model": "items.finalitemtag", "fields": {"item": 5612188, "tag": 23, "primary": true}}, {"pk": 31, "model": "items.finalitemtag", "fields": {"item": 5612188, "tag": 24, "primary": true}}, {"pk": 32, "model": "items.finalitemtag", "fields": {"item": 5612188, "tag": 25, "primary": true}}, {"pk": 33, "model": "items.finalitemtag", "fields": {"item": 5612188, "tag": 26, "primary": true}}, {"pk": 34, "model": "items.finalitemtag", "fields": {"item": 5612188, "tag": 27, "primary": false}}, {"pk": 35, "model": "items.finalitemtag", "fields": {"item": 1466834, "tag": 28, "primary": true}}, {"pk": 36, "model": "items.finalitemtag", "fields": {"item": 1466834, "tag": 22, "primary": false}}, {"pk": 37, "model": "items.finalitemtag", "fields": {"item": 1466834, "tag": 29, "primary": false}}]