[
    {
        "fields": {
            "body": "An [#integer] $a$ is said to be *divisible* by another integer $b$, not $0$, if there is a third integer $c$ such that\r\n$$\r\na = b c \\; .\r\n$$", 
            "created_at": "2013-02-15T13:00:29Z", 
            "created_by": 3, 
            "final_id": "6ACp", 
            "itemtype": "D", 
            "modified_at": "2013-02-15T13:00:29Z", 
            "modified_by": 3, 
            "parent": null, 
            "status": "F"
        }, 
        "model": "items.finalitem", 
        "pk": 1
    }, 
    {
        "fields": {
            "body": "If $f: X \\mapsto Y$ and $g: Y \\mapsto Z$, the *composite function* $g \\circ f: X \\mapsto Z$ is defined by the formula\r\n$$\r\n(g \\circ f)(x) = g(f(x)) \\; , \\quad x \\in X \\; .\r\n$$\r\n(Notation: Definition [@CKgN])", 
            "created_at": "2013-02-20T10:12:57Z", 
            "created_by": 4, 
            "final_id": "aPUJ", 
            "itemtype": "D", 
            "modified_at": "2013-02-20T10:12:57Z", 
            "modified_by": 4, 
            "parent": null, 
            "status": "F"
        }, 
        "model": "items.finalitem", 
        "pk": 2
    }, 
    {
        "fields": {
            "body": "The [numbers#number]\r\n$$\r\n0, 1, 2, 3, \\ldots\r\n$$\r\nare called the *non-negative integers*.", 
            "created_at": "2013-02-15T12:21:51Z", 
            "created_by": 2, 
            "final_id": "f8gT", 
            "itemtype": "D", 
            "modified_at": "2013-02-15T12:21:51Z", 
            "modified_by": 2, 
            "parent": null, 
            "status": "F"
        }, 
        "model": "items.finalitem", 
        "pk": 3
    }, 
    {
        "fields": {
            "body": "If $p$ is [#prime], and $p \\mid a b$, then $p \\mid a$ or $p \\mid b$.\r\n\r\n(Notation: See Definition [@M827] for $b \\mid a$.)", 
            "created_at": "2013-02-21T08:02:29Z", 
            "created_by": 2, 
            "final_id": "hpc2", 
            "itemtype": "T", 
            "modified_at": "2013-02-21T08:02:29Z", 
            "modified_by": 2, 
            "parent": null, 
            "status": "F"
        }, 
        "model": "items.finalitem", 
        "pk": 4
    }, 
    {
        "fields": {
            "body": "The number of [primes#prime] is [#infinite(cardinality)].", 
            "created_at": "2013-02-13T08:10:51Z", 
            "created_by": 2, 
            "final_id": "mLrC", 
            "itemtype": "T", 
            "modified_at": "2013-02-13T08:10:51Z", 
            "modified_by": 2, 
            "parent": null, 
            "status": "F"
        }, 
        "model": "items.finalitem", 
        "pk": 5
    }, 
    {
        "fields": {
            "body": "The [#series(analysis)]\r\n$$\r\n\\sum_{n=0}^\\infty \\frac{z^n}{n!}\r\n$$\r\n[converges absolutely#absolute convergence(series)] for every [complex#complex number] $z$.", 
            "created_at": "2013-02-21T10:10:01Z", 
            "created_by": 2, 
            "final_id": "nMhc", 
            "itemtype": "T", 
            "modified_at": "2013-02-21T10:10:01Z", 
            "modified_by": 2, 
            "parent": null, 
            "status": "F"
        }, 
        "model": "items.finalitem", 
        "pk": 6
    }, 
    {
        "fields": {
            "body": "The [square root#square root(real numbers)] of $2$,\r\n$$\r\n\\sqrt{2}\r\n$$\r\nis [#irrational(number)].", 
            "created_at": "2013-02-15T13:16:15Z", 
            "created_by": 3, 
            "final_id": "nW9V", 
            "itemtype": "T", 
            "modified_at": "2013-02-15T13:16:15Z", 
            "modified_by": 3, 
            "parent": null, 
            "status": "F"
        }, 
        "model": "items.finalitem", 
        "pk": 7
    }, 
    {
        "fields": {
            "body": "A [number#positive integer] $p$ is said to be *prime* if\r\n\r\n1. $p > 1$,\r\n2. $p$ has no [#positive(number)] [#divisor(number)]s except $1$ and $p$.", 
            "created_at": "2013-02-13T07:55:10Z", 
            "created_by": 2, 
            "final_id": "zNua", 
            "itemtype": "D", 
            "modified_at": "2013-02-13T07:55:10Z", 
            "modified_by": 2, 
            "parent": null, 
            "status": "F"
        }, 
        "model": "items.finalitem", 
        "pk": 8
    }, 
    {
        "fields": {
            "body": "The symbol\r\n$$\r\nf: X \\mapsto Y\r\n$$\r\nmeans that $f$ is a *function* (or *mapping* or *transformation*) of the [#set] $X$ into the set $Y$; i.e., $f$ assigns to each $x \\in X$ an element $f(x) \\in Y$.", 
            "created_at": "2013-02-20T10:04:31Z", 
            "created_by": 4, 
            "final_id": "CKgN", 
            "itemtype": "D", 
            "modified_at": "2013-02-20T10:04:31Z", 
            "modified_by": 4, 
            "parent": null, 
            "status": "F"
        }, 
        "model": "items.finalitem", 
        "pk": 9
    }, 
    {
        "fields": {
            "body": "The [#number]s\r\n$$\r\n\\ldots, -3, -2, -1, 0, 1, 2, \\ldots\r\n$$\r\nare called the *rational integers*, or simply the *integers*.", 
            "created_at": "2013-02-13T07:53:18Z", 
            "created_by": 2, 
            "final_id": "FbYb", 
            "itemtype": "D", 
            "modified_at": "2013-02-13T07:53:18Z", 
            "modified_by": 2, 
            "parent": null, 
            "status": "F"
        }, 
        "model": "items.finalitem", 
        "pk": 10
    }, 
    {
        "fields": {
            "body": "The [numbers#number]\r\n$$\r\n1, 2, 3, \\ldots\r\n$$\r\nare called the *positive integers*.", 
            "created_at": "2013-02-15T12:26:39Z", 
            "created_by": 2, 
            "final_id": "GEwn", 
            "itemtype": "D", 
            "modified_at": "2013-02-15T12:26:39Z", 
            "modified_by": 2, 
            "parent": null, 
            "status": "F"
        }, 
        "model": "items.finalitem", 
        "pk": 11
    }, 
    {
        "fields": {
            "body": "We express the fact that the [#integer] $a$ is [#divisible] by the integer $b \\neq 0$, or $b$ is a *divisor* of $a$, by\n$$\nb \\mid a \\; .\n$$", 
            "created_at": "2013-02-18T14:06:20Z", 
            "created_by": 3, 
            "final_id": "M827", 
            "itemtype": "D", 
            "modified_at": "2013-02-18T14:06:20Z", 
            "modified_by": 3, 
            "parent": null, 
            "status": "F"
        }, 
        "model": "items.finalitem", 
        "pk": 12
    }, 
    {
        "fields": {
            "body": "bla bla", 
            "created_at": "2013-02-14T19:03:57Z", 
            "created_by": 2, 
            "final_id": "N47F", 
            "itemtype": "P", 
            "modified_at": "2013-02-14T19:03:57Z", 
            "modified_by": 2, 
            "parent": 5, 
            "status": "F"
        }, 
        "model": "items.finalitem", 
        "pk": 13
    }, 
    {
        "fields": {
            "body": "The *exponential function* is defined for every [#complex number] $z$ by the formula\r\n$$\r\n\\exp(z) = \\sum_{n=0}^\\infty \\frac{z^n}{n!} \\; .\r\n$$\r\n\r\n(Refers to [#function].)", 
            "created_at": "2013-02-21T10:16:29Z", 
            "created_by": 2, 
            "final_id": "NAg5", 
            "itemtype": "D", 
            "modified_at": "2013-02-21T10:16:29Z", 
            "modified_by": 2, 
            "parent": null, 
            "status": "F"
        }, 
        "model": "items.finalitem", 
        "pk": 14
    }, 
    {
        "fields": {
            "body": "A *rational number* is the [#ratio] ([#quotient]) of two [integers#integer], $p/q$, where $q$ is [#positive].", 
            "created_at": "2013-03-06T08:22:48Z", 
            "created_by": 2, 
            "final_id": "R65x", 
            "itemtype": "D", 
            "modified_at": "2013-03-06T08:22:48Z", 
            "modified_by": 2, 
            "parent": null, 
            "status": "F"
        }, 
        "model": "items.finalitem", 
        "pk": 15
    }, 
    {
        "fields": {
            "body": "[Numbers#number] of the form\r\n$$\r\n\\frac{m}{n} \\; ,\r\n$$\r\nwhere $m$ and $n$ are [integers#integer] and $n \\neq 0$, are called *rational numbers*.", 
            "created_at": "2013-03-06T08:19:34Z", 
            "created_by": 2, 
            "final_id": "SjWL", 
            "itemtype": "D", 
            "modified_at": "2013-03-06T08:19:34Z", 
            "modified_by": 2, 
            "parent": null, 
            "status": "F"
        }, 
        "model": "items.finalitem", 
        "pk": 16
    }, 
    {
        "fields": {
            "body": "Every [#positive integer], except $1$, is a [#product(integer)] of [#prime]s.", 
            "created_at": "2013-02-13T08:09:28Z", 
            "created_by": 2, 
            "final_id": "Utrs", 
            "itemtype": "T", 
            "modified_at": "2013-02-13T08:09:28Z", 
            "modified_by": 2, 
            "parent": null, 
            "status": "F"
        }, 
        "model": "items.finalitem", 
        "pk": 17
    }, 
    {
        "fields": {
            "body": "The [numbers#number]\r\n$$\r\n\\ldots, -3, -2, -1, 0, 1, 2, \\ldots\r\n$$\r\nare called the *integers*.", 
            "created_at": "2013-02-25T10:10:19Z", 
            "created_by": 2, 
            "final_id": "Wc4Z", 
            "itemtype": "D", 
            "modified_at": "2013-02-25T10:10:19Z", 
            "modified_by": 2, 
            "parent": null, 
            "status": "F"
        }, 
        "model": "items.finalitem", 
        "pk": 18
    }, 
    {
        "fields": {
            "body": "[#$\\pi$(constant,number)] is [#irrational(number)].", 
            "created_at": "2013-02-23T19:37:36Z", 
            "created_by": 2, 
            "final_id": "WfNS", 
            "itemtype": "T", 
            "modified_at": "2013-02-23T19:37:36Z", 
            "modified_by": 2, 
            "parent": null, 
            "status": "F"
        }, 
        "model": "items.finalitem", 
        "pk": 19
    }, 
    {
        "fields": {
            "body": "The [#series(analysis)]\r\n$$\r\n\\sum_{n=0}^\\infty \\frac{z^n}{n!}\r\n$$\r\n[converges uniformly#uniform convergence(series)] on every [#bounded(set)] [#subset] of the [#complex plane].", 
            "created_at": "2013-02-21T10:13:13Z", 
            "created_by": 2, 
            "final_id": "WpTe", 
            "itemtype": "T", 
            "modified_at": "2013-02-21T10:13:13Z", 
            "modified_by": 2, 
            "parent": null, 
            "status": "F"
        }, 
        "model": "items.finalitem", 
        "pk": 20
    }, 
    {
        "fields": {
            "body": "Let $2, 3, 5, \\ldots, p$ be the aggregate of [primes#prime] up to $p$, and let\r\n$$\r\nq = 2 \\cdot 3 \\cdot 5 \\cdots p + 1 \\quad .\r\n$$\r\nThen $q$ is not [#divisible] by any of the [numbers#positive integer] $2, 3, 5, \\ldots, p$. It is therefore either prime, or divisible by a prime between $p$ and $q$. In either case there is a prime greater than $p$, which proves the theorem.", 
            "created_at": "2013-02-15T12:18:13Z", 
            "created_by": 2, 
            "final_id": "WR6s", 
            "itemtype": "P", 
            "modified_at": "2013-02-15T12:18:13Z", 
            "modified_by": 2, 
            "parent": 5, 
            "status": "F"
        }, 
        "model": "items.finalitem", 
        "pk": 21
    }, 
    {
        "fields": {
            "body": "Let $G$ be a [#combinatorial game]. The game where the roles of Left and Right are reversed throughout $G$ is called the *negative* of $G$:\r\n$$\r\n-G = \\{ -G^R | -G^L \\}\r\n$$\r\n(inductive definition).", 
            "created_at": "2013-03-13T09:38:19Z", 
            "created_by": 2, 
            "final_id": "GfeA", 
            "itemtype": "D", 
            "modified_at": "2013-03-13T09:38:19Z", 
            "modified_by": 2, 
            "parent": null, 
            "status": "F"
        }, 
        "model": "items.finalitem", 
        "pk": 22
    }, 
    {
        "fields": {
            "body": "A [game#combinatorial game] $G$ is *positive* if there is a winning strategy for Left and we write\r\n$$\r\nG > 0 \\; .\r\n$$", 
            "created_at": "2013-03-13T09:45:22Z", 
            "created_by": 2, 
            "final_id": "3vkH", 
            "itemtype": "D", 
            "modified_at": "2013-03-13T09:45:22Z", 
            "modified_by": 2, 
            "parent": null, 
            "status": "F"
        }, 
        "model": "items.finalitem", 
        "pk": 23
    }, 
    {
        "fields": {
            "body": "A [game#combinatorial game] $G$ is *negative* if there is a winning strategy for Right and we write\r\n$$\r\nG < 0 \\; .\r\n$$", 
            "created_at": "2013-03-13T09:51:04Z", 
            "created_by": 2, 
            "final_id": "dupm", 
            "itemtype": "D", 
            "modified_at": "2013-03-13T09:51:04Z", 
            "modified_by": 2, 
            "parent": null, 
            "status": "F"
        }, 
        "model": "items.finalitem", 
        "pk": 24
    }, 
    {
        "fields": {
            "body": "A [game#combinatorial game] $G$ is *zero* if there is a winning strategy for the second player\r\n$$\r\nG = 0 \\; .\r\n$$", 
            "created_at": "2013-03-13T09:53:39Z", 
            "created_by": 2, 
            "final_id": "e2T2", 
            "itemtype": "D", 
            "modified_at": "2013-03-13T09:53:39Z", 
            "modified_by": 2, 
            "parent": null, 
            "status": "F"
        }, 
        "model": "items.finalitem", 
        "pk": 25
    }, 
    {
        "fields": {
            "body": "A [game#combinatorial game] $G$ is *fuzzy* if there is a winning strategy for the first player\r\n$$\r\nG \\parallel 0 \\; .\r\n$$", 
            "created_at": "2013-03-13T09:55:13Z", 
            "created_by": 2, 
            "final_id": "PtRj", 
            "itemtype": "D", 
            "modified_at": "2013-03-13T09:55:13Z", 
            "modified_by": 2, 
            "parent": null, 
            "status": "F"
        }, 
        "model": "items.finalitem", 
        "pk": 26
    }, 
    {
        "fields": {
            "body": "A *real number* is a quantity $x$ that has a decimal expansion\r\n$$\r\nx = n + 0.d_1d_2d_3\\ldots \\; ,\r\n$$\r\nwhere $n$ is an [#integer], each $d_i$ is a digit between $0$ and $9$, and the [#sequence] of digits doesn't end with infinitely many $9$s. The representation above means that\r\n$$\r\nn + \\frac{d_1}{10} + \\frac{d_2}{100} + \\cdots + \\frac{d_k}{10^k} \\leq x < n + \\frac{d_1}{10} + \\frac{d_2}{100} + \\cdots + \\frac{d_k}{10^k} + \\frac{1}{10^k} \\; ,\r\n$$\r\nfor all [positive integers#positive integer] $k$.", 
            "created_at": "2013-04-07T10:48:33Z", 
            "created_by": 2, 
            "final_id": "2378", 
            "itemtype": "D", 
            "modified_at": "2013-04-07T10:48:33Z", 
            "modified_by": 2, 
            "parent": null, 
            "status": "F"
        }, 
        "model": "items.finalitem", 
        "pk": 27
    }, 
    {
        "fields": {
            "body": "Consider two [sets#set] $A$ and $B$, whose [elements#element(set)] may be any objects whatsoever, and suppose that with each element $x$ of $A$ there is associated, in some manner, an element of $B$, which we denote by $f(x)$. Then $f$ is said to be a *function* from $A$ to $B$ (or a *mapping* of $A$ into $B$). The set $A$ is called the *domain* of $f$ (we also say $f$ is *defined on* $A$), and the elements $f(x)$ are called the *values* of $f$. The set of all values of $f$ is called the *range* of $f$.", 
            "created_at": "2013-04-07T10:52:15Z", 
            "created_by": 2, 
            "final_id": "VTA6", 
            "itemtype": "D", 
            "modified_at": "2013-04-07T10:52:15Z", 
            "modified_by": 2, 
            "parent": null, 
            "status": "F"
        }, 
        "model": "items.finalitem", 
        "pk": 28
    }, 
    {
        "fields": {
            "body": "Let the [#function] $f$ be defined on $[a,b]$. If $f$ is [#differentiable at a point] $x \\in [a,b]$, then $f$ is [continuous at#continuous at a point] $x$.", 
            "created_at": "2013-04-07T10:55:30Z", 
            "created_by": 2, 
            "final_id": "ATZc", 
            "itemtype": "T", 
            "modified_at": "2013-04-07T10:55:30Z", 
            "modified_by": 2, 
            "parent": null, 
            "status": "F"
        }, 
        "model": "items.finalitem", 
        "pk": 29
    }, 
    {
        "fields": {
            "body": "Suppose $E \\subset X$ (see [#subset]), a [#metric space], $p$ is a [#limit point(set)] of $E$, $f$ and $g$ are [complex functions#complex function] on $E$, and\r\n$$\r\n\\lim_{x \\rightarrow p} f(x) = A \\; , \\quad \\lim_{x \\rightarrow p} g(x) = B \\; .\r\n$$\r\n\r\nThen\r\n\r\n1. $\\lim_{x \\rightarrow p} (f + g)(x) = A + B$;\r\n2. $\\lim_{x \\rightarrow p} (f g)(x) = A B$;\r\n3. $\\lim_{x \\rightarrow p} \\left( \\frac{f}{g} \\right)(x) = \\frac{A}{B}$.", 
            "created_at": "2013-04-07T11:08:31Z", 
            "created_by": 2, 
            "final_id": "NtcC", 
            "itemtype": "T", 
            "modified_at": "2013-04-07T11:08:31Z", 
            "modified_by": 2, 
            "parent": null, 
            "status": "F"
        }, 
        "model": "items.finalitem", 
        "pk": 30
    }, 
    {
        "fields": {
            "body": "As $t \\rightarrow x$, we have, by Theorem [@NtcC],\r\n$$\r\nf(t) - f(x) = \\frac{f(t) - f(x)}{t - x} \\cdot (t - x) \\rightarrow f'(x) \\cdot 0 = 0 \\; .\r\n$$", 
            "created_at": "2013-04-07T11:19:59Z", 
            "created_by": 2, 
            "final_id": "YkEc", 
            "itemtype": "P", 
            "modified_at": "2013-04-07T11:19:59Z", 
            "modified_by": 2, 
            "parent": 29, 
            "status": "F"
        }, 
        "model": "items.finalitem", 
        "pk": 31
    }, 
    {
        "fields": {
            "body": "New def", 
            "created_by": 2, 
            "itemtype": "D", 
            "modified_at": "2013-02-13T13:29:25Z", 
            "parent": null, 
            "status": "D"
        }, 
        "model": "items.draftitem", 
        "pk": 2
    }, 
    {
        "fields": {
            "body": "For any [#integer] $a$ we have\r\n$$\r\n1 \\mid a, \\quad a \\mid a\r\n$$\r\n(where [#$b \\mid a$] expresses divisibility).", 
            "created_by": 3, 
            "itemtype": "T", 
            "modified_at": "2013-02-18T14:10:43Z", 
            "parent": null, 
            "status": "D"
        }, 
        "model": "items.draftitem", 
        "pk": 4
    }, 
    {
        "fields": {
            "body": "Test review item", 
            "created_by": 2, 
            "itemtype": "T", 
            "modified_at": "2013-04-12T09:33:43Z", 
            "parent": null, 
            "status": "R"
        }, 
        "model": "items.draftitem", 
        "pk": 5
    }, 
    {
        "fields": {
            "item": 4, 
            "primary": false, 
            "tag": 1
        }, 
        "model": "items.draftitemtag", 
        "pk": 5
    }, 
    {
        "fields": {
            "item": 4, 
            "primary": false, 
            "tag": 15
        }, 
        "model": "items.draftitemtag", 
        "pk": 6
    }, 
    {
        "fields": {
            "item": 4, 
            "primary": false, 
            "tag": 21
        }, 
        "model": "items.draftitemtag", 
        "pk": 7
    }, 
    {
        "fields": {
            "item": 10, 
            "primary": true, 
            "tag": 1
        }, 
        "model": "items.finalitemtag", 
        "pk": 1
    }, 
    {
        "fields": {
            "item": 10, 
            "primary": true, 
            "tag": 2
        }, 
        "model": "items.finalitemtag", 
        "pk": 2
    }, 
    {
        "fields": {
            "item": 10, 
            "primary": false, 
            "tag": 3
        }, 
        "model": "items.finalitemtag", 
        "pk": 3
    }, 
    {
        "fields": {
            "item": 8, 
            "primary": true, 
            "tag": 4
        }, 
        "model": "items.finalitemtag", 
        "pk": 4
    }, 
    {
        "fields": {
            "item": 8, 
            "primary": false, 
            "tag": 5
        }, 
        "model": "items.finalitemtag", 
        "pk": 5
    }, 
    {
        "fields": {
            "item": 8, 
            "primary": false, 
            "tag": 6
        }, 
        "model": "items.finalitemtag", 
        "pk": 6
    }, 
    {
        "fields": {
            "item": 17, 
            "primary": false, 
            "tag": 4
        }, 
        "model": "items.finalitemtag", 
        "pk": 7
    }, 
    {
        "fields": {
            "item": 17, 
            "primary": false, 
            "tag": 5
        }, 
        "model": "items.finalitemtag", 
        "pk": 8
    }, 
    {
        "fields": {
            "item": 17, 
            "primary": false, 
            "tag": 7
        }, 
        "model": "items.finalitemtag", 
        "pk": 9
    }, 
    {
        "fields": {
            "item": 5, 
            "primary": true, 
            "tag": 8
        }, 
        "model": "items.finalitemtag", 
        "pk": 10
    }, 
    {
        "fields": {
            "item": 5, 
            "primary": false, 
            "tag": 4
        }, 
        "model": "items.finalitemtag", 
        "pk": 11
    }, 
    {
        "fields": {
            "item": 5, 
            "primary": false, 
            "tag": 9
        }, 
        "model": "items.finalitemtag", 
        "pk": 12
    }, 
    {
        "fields": {
            "item": 21, 
            "primary": false, 
            "tag": 4
        }, 
        "model": "items.finalitemtag", 
        "pk": 13
    }, 
    {
        "fields": {
            "item": 21, 
            "primary": false, 
            "tag": 15
        }, 
        "model": "items.finalitemtag", 
        "pk": 14
    }, 
    {
        "fields": {
            "item": 21, 
            "primary": false, 
            "tag": 5
        }, 
        "model": "items.finalitemtag", 
        "pk": 15
    }, 
    {
        "fields": {
            "item": 3, 
            "primary": true, 
            "tag": 16
        }, 
        "model": "items.finalitemtag", 
        "pk": 16
    }, 
    {
        "fields": {
            "item": 3, 
            "primary": false, 
            "tag": 3
        }, 
        "model": "items.finalitemtag", 
        "pk": 17
    }, 
    {
        "fields": {
            "item": 11, 
            "primary": true, 
            "tag": 5
        }, 
        "model": "items.finalitemtag", 
        "pk": 18
    }, 
    {
        "fields": {
            "item": 11, 
            "primary": false, 
            "tag": 3
        }, 
        "model": "items.finalitemtag", 
        "pk": 19
    }, 
    {
        "fields": {
            "item": 1, 
            "primary": true, 
            "tag": 15
        }, 
        "model": "items.finalitemtag", 
        "pk": 20
    }, 
    {
        "fields": {
            "item": 1, 
            "primary": false, 
            "tag": 1
        }, 
        "model": "items.finalitemtag", 
        "pk": 21
    }, 
    {
        "fields": {
            "item": 7, 
            "primary": false, 
            "tag": 17
        }, 
        "model": "items.finalitemtag", 
        "pk": 22
    }, 
    {
        "fields": {
            "item": 7, 
            "primary": false, 
            "tag": 18
        }, 
        "model": "items.finalitemtag", 
        "pk": 23
    }, 
    {
        "fields": {
            "item": 7, 
            "primary": false, 
            "tag": 19
        }, 
        "model": "items.finalitemtag", 
        "pk": 24
    }, 
    {
        "fields": {
            "item": 12, 
            "primary": true, 
            "tag": 6
        }, 
        "model": "items.finalitemtag", 
        "pk": 25
    }, 
    {
        "fields": {
            "item": 12, 
            "primary": true, 
            "tag": 21
        }, 
        "model": "items.finalitemtag", 
        "pk": 26
    }, 
    {
        "fields": {
            "item": 12, 
            "primary": false, 
            "tag": 1
        }, 
        "model": "items.finalitemtag", 
        "pk": 27
    }, 
    {
        "fields": {
            "item": 12, 
            "primary": false, 
            "tag": 15
        }, 
        "model": "items.finalitemtag", 
        "pk": 28
    }, 
    {
        "fields": {
            "item": 9, 
            "primary": true, 
            "tag": 22
        }, 
        "model": "items.finalitemtag", 
        "pk": 29
    }, 
    {
        "fields": {
            "item": 9, 
            "primary": true, 
            "tag": 23
        }, 
        "model": "items.finalitemtag", 
        "pk": 30
    }, 
    {
        "fields": {
            "item": 9, 
            "primary": true, 
            "tag": 24
        }, 
        "model": "items.finalitemtag", 
        "pk": 31
    }, 
    {
        "fields": {
            "item": 9, 
            "primary": true, 
            "tag": 25
        }, 
        "model": "items.finalitemtag", 
        "pk": 32
    }, 
    {
        "fields": {
            "item": 9, 
            "primary": true, 
            "tag": 26
        }, 
        "model": "items.finalitemtag", 
        "pk": 33
    }, 
    {
        "fields": {
            "item": 9, 
            "primary": false, 
            "tag": 27
        }, 
        "model": "items.finalitemtag", 
        "pk": 34
    }, 
    {
        "fields": {
            "item": 2, 
            "primary": true, 
            "tag": 28
        }, 
        "model": "items.finalitemtag", 
        "pk": 35
    }, 
    {
        "fields": {
            "item": 2, 
            "primary": false, 
            "tag": 22
        }, 
        "model": "items.finalitemtag", 
        "pk": 36
    }, 
    {
        "fields": {
            "item": 2, 
            "primary": false, 
            "tag": 29
        }, 
        "model": "items.finalitemtag", 
        "pk": 37
    }, 
    {
        "fields": {
            "item": 4, 
            "primary": true, 
            "tag": 30
        }, 
        "model": "items.finalitemtag", 
        "pk": 41
    }, 
    {
        "fields": {
            "item": 4, 
            "primary": false, 
            "tag": 4
        }, 
        "model": "items.finalitemtag", 
        "pk": 42
    }, 
    {
        "fields": {
            "item": 4, 
            "primary": false, 
            "tag": 21
        }, 
        "model": "items.finalitemtag", 
        "pk": 43
    }, 
    {
        "fields": {
            "item": 4, 
            "primary": false, 
            "tag": 31
        }, 
        "model": "items.finalitemtag", 
        "pk": 44
    }, 
    {
        "fields": {
            "item": 6, 
            "primary": false, 
            "tag": 32
        }, 
        "model": "items.finalitemtag", 
        "pk": 45
    }, 
    {
        "fields": {
            "item": 6, 
            "primary": false, 
            "tag": 33
        }, 
        "model": "items.finalitemtag", 
        "pk": 46
    }, 
    {
        "fields": {
            "item": 6, 
            "primary": false, 
            "tag": 34
        }, 
        "model": "items.finalitemtag", 
        "pk": 47
    }, 
    {
        "fields": {
            "item": 20, 
            "primary": false, 
            "tag": 32
        }, 
        "model": "items.finalitemtag", 
        "pk": 48
    }, 
    {
        "fields": {
            "item": 20, 
            "primary": false, 
            "tag": 36
        }, 
        "model": "items.finalitemtag", 
        "pk": 49
    }, 
    {
        "fields": {
            "item": 20, 
            "primary": false, 
            "tag": 37
        }, 
        "model": "items.finalitemtag", 
        "pk": 50
    }, 
    {
        "fields": {
            "item": 20, 
            "primary": false, 
            "tag": 38
        }, 
        "model": "items.finalitemtag", 
        "pk": 51
    }, 
    {
        "fields": {
            "item": 14, 
            "primary": true, 
            "tag": 40
        }, 
        "model": "items.finalitemtag", 
        "pk": 52
    }, 
    {
        "fields": {
            "item": 14, 
            "primary": true, 
            "tag": 41
        }, 
        "model": "items.finalitemtag", 
        "pk": 53
    }, 
    {
        "fields": {
            "item": 14, 
            "primary": false, 
            "tag": 34
        }, 
        "model": "items.finalitemtag", 
        "pk": 54
    }, 
    {
        "fields": {
            "item": 14, 
            "primary": false, 
            "tag": 22
        }, 
        "model": "items.finalitemtag", 
        "pk": 55
    }, 
    {
        "fields": {
            "item": 14, 
            "primary": false, 
            "tag": 32
        }, 
        "model": "items.finalitemtag", 
        "pk": 56
    }, 
    {
        "fields": {
            "item": 19, 
            "primary": false, 
            "tag": 18
        }, 
        "model": "items.finalitemtag", 
        "pk": 57
    }, 
    {
        "fields": {
            "item": 19, 
            "primary": false, 
            "tag": 42
        }, 
        "model": "items.finalitemtag", 
        "pk": 58
    }, 
    {
        "fields": {
            "item": 18, 
            "primary": true, 
            "tag": 1
        }, 
        "model": "items.finalitemtag", 
        "pk": 59
    }, 
    {
        "fields": {
            "item": 18, 
            "primary": false, 
            "tag": 3
        }, 
        "model": "items.finalitemtag", 
        "pk": 60
    }, 
    {
        "fields": {
            "item": 16, 
            "primary": true, 
            "tag": 44
        }, 
        "model": "items.finalitemtag", 
        "pk": 61
    }, 
    {
        "fields": {
            "item": 16, 
            "primary": false, 
            "tag": 3
        }, 
        "model": "items.finalitemtag", 
        "pk": 62
    }, 
    {
        "fields": {
            "item": 16, 
            "primary": false, 
            "tag": 1
        }, 
        "model": "items.finalitemtag", 
        "pk": 63
    }, 
    {
        "fields": {
            "item": 15, 
            "primary": true, 
            "tag": 44
        }, 
        "model": "items.finalitemtag", 
        "pk": 64
    }, 
    {
        "fields": {
            "item": 15, 
            "primary": false, 
            "tag": 45
        }, 
        "model": "items.finalitemtag", 
        "pk": 65
    }, 
    {
        "fields": {
            "item": 15, 
            "primary": false, 
            "tag": 46
        }, 
        "model": "items.finalitemtag", 
        "pk": 66
    }, 
    {
        "fields": {
            "item": 15, 
            "primary": false, 
            "tag": 1
        }, 
        "model": "items.finalitemtag", 
        "pk": 67
    }, 
    {
        "fields": {
            "item": 15, 
            "primary": false, 
            "tag": 14
        }, 
        "model": "items.finalitemtag", 
        "pk": 68
    }, 
    {
        "fields": {
            "item": 22, 
            "primary": true, 
            "tag": 47
        }, 
        "model": "items.finalitemtag", 
        "pk": 69
    }, 
    {
        "fields": {
            "item": 22, 
            "primary": false, 
            "tag": 48
        }, 
        "model": "items.finalitemtag", 
        "pk": 70
    }, 
    {
        "fields": {
            "item": 22, 
            "primary": false, 
            "tag": 49
        }, 
        "model": "items.finalitemtag", 
        "pk": 71
    }, 
    {
        "fields": {
            "item": 23, 
            "primary": true, 
            "tag": 14
        }, 
        "model": "items.finalitemtag", 
        "pk": 72
    }, 
    {
        "fields": {
            "item": 23, 
            "primary": false, 
            "tag": 48
        }, 
        "model": "items.finalitemtag", 
        "pk": 73
    }, 
    {
        "fields": {
            "item": 23, 
            "primary": false, 
            "tag": 49
        }, 
        "model": "items.finalitemtag", 
        "pk": 74
    }, 
    {
        "fields": {
            "item": 24, 
            "primary": true, 
            "tag": 47
        }, 
        "model": "items.finalitemtag", 
        "pk": 75
    }, 
    {
        "fields": {
            "item": 24, 
            "primary": false, 
            "tag": 48
        }, 
        "model": "items.finalitemtag", 
        "pk": 76
    }, 
    {
        "fields": {
            "item": 24, 
            "primary": false, 
            "tag": 49
        }, 
        "model": "items.finalitemtag", 
        "pk": 77
    }, 
    {
        "fields": {
            "item": 25, 
            "primary": false, 
            "tag": 48
        }, 
        "model": "items.finalitemtag", 
        "pk": 78
    }, 
    {
        "fields": {
            "item": 25, 
            "primary": false, 
            "tag": 49
        }, 
        "model": "items.finalitemtag", 
        "pk": 79
    }, 
    {
        "fields": {
            "item": 25, 
            "primary": true, 
            "tag": 50
        }, 
        "model": "items.finalitemtag", 
        "pk": 80
    }, 
    {
        "fields": {
            "item": 26, 
            "primary": false, 
            "tag": 48
        }, 
        "model": "items.finalitemtag", 
        "pk": 81
    }, 
    {
        "fields": {
            "item": 26, 
            "primary": false, 
            "tag": 49
        }, 
        "model": "items.finalitemtag", 
        "pk": 82
    }, 
    {
        "fields": {
            "item": 26, 
            "primary": true, 
            "tag": 51
        }, 
        "model": "items.finalitemtag", 
        "pk": 83
    }, 
    {
        "fields": {
            "item": 27, 
            "primary": true, 
            "tag": 52
        }, 
        "model": "items.finalitemtag", 
        "pk": 84
    }, 
    {
        "fields": {
            "item": 27, 
            "primary": false, 
            "tag": 1
        }, 
        "model": "items.finalitemtag", 
        "pk": 85
    }, 
    {
        "fields": {
            "item": 27, 
            "primary": false, 
            "tag": 53
        }, 
        "model": "items.finalitemtag", 
        "pk": 86
    }, 
    {
        "fields": {
            "item": 28, 
            "primary": true, 
            "tag": 22
        }, 
        "model": "items.finalitemtag", 
        "pk": 87
    }, 
    {
        "fields": {
            "item": 28, 
            "primary": true, 
            "tag": 23
        }, 
        "model": "items.finalitemtag", 
        "pk": 88
    }, 
    {
        "fields": {
            "item": 28, 
            "primary": true, 
            "tag": 54
        }, 
        "model": "items.finalitemtag", 
        "pk": 89
    }, 
    {
        "fields": {
            "item": 28, 
            "primary": true, 
            "tag": 55
        }, 
        "model": "items.finalitemtag", 
        "pk": 90
    }, 
    {
        "fields": {
            "item": 28, 
            "primary": true, 
            "tag": 56
        }, 
        "model": "items.finalitemtag", 
        "pk": 91
    }, 
    {
        "fields": {
            "item": 28, 
            "primary": true, 
            "tag": 57
        }, 
        "model": "items.finalitemtag", 
        "pk": 92
    }, 
    {
        "fields": {
            "item": 28, 
            "primary": false, 
            "tag": 27
        }, 
        "model": "items.finalitemtag", 
        "pk": 93
    }, 
    {
        "fields": {
            "item": 28, 
            "primary": false, 
            "tag": 58
        }, 
        "model": "items.finalitemtag", 
        "pk": 94
    }, 
    {
        "fields": {
            "item": 29, 
            "primary": false, 
            "tag": 22
        }, 
        "model": "items.finalitemtag", 
        "pk": 95
    }, 
    {
        "fields": {
            "item": 29, 
            "primary": false, 
            "tag": 59
        }, 
        "model": "items.finalitemtag", 
        "pk": 96
    }, 
    {
        "fields": {
            "item": 29, 
            "primary": false, 
            "tag": 60
        }, 
        "model": "items.finalitemtag", 
        "pk": 97
    }, 
    {
        "fields": {
            "item": 30, 
            "primary": false, 
            "tag": 61
        }, 
        "model": "items.finalitemtag", 
        "pk": 98
    }, 
    {
        "fields": {
            "item": 30, 
            "primary": false, 
            "tag": 62
        }, 
        "model": "items.finalitemtag", 
        "pk": 99
    }, 
    {
        "fields": {
            "item": 30, 
            "primary": false, 
            "tag": 63
        }, 
        "model": "items.finalitemtag", 
        "pk": 100
    }
]
