[
    {
        "fields": {
            "body": "An [#integer] $a$ is said to be *divisible* by another integer $b$, not $0$, if there is a third integer $c$ such that\r\n$$\r\na = b c \\; .\r\n$$",
            "created_at": "2013-02-15T13:00:29Z",
            "created_by": 3,
            "final_id": "6ACp",
            "itemtype": "D",
            "modified_at": "2013-02-15T13:00:29Z",
            "modified_by": 3,
            "parent": null,
            "status": "F"
        },
        "model": "items.finalitem",
        "pk": 1
    },
    {
        "fields": {
            "body": "If $f: X \\mapsto Y$ and $g: Y \\mapsto Z$, the *composite function* $g \\circ f: X \\mapsto Z$ is defined by the formula\r\n$$\r\n(g \\circ f)(x) = g(f(x)) \\; , \\quad x \\in X \\; .\r\n$$\r\n(Notation: Definition [@CKgN])",
            "created_at": "2013-02-20T10:12:57Z",
            "created_by": 4,
            "final_id": "aPUJ",
            "itemtype": "D",
            "modified_at": "2013-02-20T10:12:57Z",
            "modified_by": 4,
            "parent": null,
            "status": "F"
        },
        "model": "items.finalitem",
        "pk": 2
    },
    {
        "fields": {
            "body": "The [numbers#number]\r\n$$\r\n0, 1, 2, 3, \\ldots\r\n$$\r\nare called the *non-negative integers*.",
            "created_at": "2013-02-15T12:21:51Z",
            "created_by": 2,
            "final_id": "f8gT",
            "itemtype": "D",
            "modified_at": "2013-02-15T12:21:51Z",
            "modified_by": 2,
            "parent": null,
            "status": "F"
        },
        "model": "items.finalitem",
        "pk": 3
    },
    {
        "fields": {
            "body": "If $p$ is [#prime], and $p \\mid a b$, then $p \\mid a$ or $p \\mid b$.\r\n\r\n(Notation: See Definition [@M827] for $b \\mid a$.)",
            "created_at": "2013-02-21T08:02:29Z",
            "created_by": 2,
            "final_id": "hpc2",
            "itemtype": "T",
            "modified_at": "2013-02-21T08:02:29Z",
            "modified_by": 2,
            "parent": null,
            "status": "F"
        },
        "model": "items.finalitem",
        "pk": 4
    },
    {
        "fields": {
            "body": "The number of [primes#prime] is [#infinite].",
            "created_at": "2013-02-13T08:10:51Z",
            "created_by": 2,
            "final_id": "mLrC",
            "itemtype": "T",
            "modified_at": "2013-02-13T08:10:51Z",
            "modified_by": 2,
            "parent": null,
            "status": "F"
        },
        "model": "items.finalitem",
        "pk": 5
    },
    {
        "fields": {
            "body": "The [#series]\r\n$$\r\n\\sum_{n=0}^\\infty \\frac{z^n}{n!}\r\n$$\r\n[converges absolutely#absolute convergence] for every [complex#complex number] $z$.",
            "created_at": "2013-02-21T10:10:01Z",
            "created_by": 2,
            "final_id": "nMhc",
            "itemtype": "T",
            "modified_at": "2013-02-21T10:10:01Z",
            "modified_by": 2,
            "parent": null,
            "status": "F"
        },
        "model": "items.finalitem",
        "pk": 6
    },
    {
        "fields": {
            "body": "The [square root#square root] of $2$,\r\n$$\r\n\\sqrt{2}\r\n$$\r\nis [#irrational].",
            "created_at": "2013-02-15T13:16:15Z",
            "created_by": 3,
            "final_id": "nW9V",
            "itemtype": "T",
            "modified_at": "2013-02-15T13:16:15Z",
            "modified_by": 3,
            "parent": null,
            "status": "F"
        },
        "model": "items.finalitem",
        "pk": 7
    },
    {
        "fields": {
            "body": "A [number#positive integer] $p$ is said to be *prime* if\r\n\r\n1. $p > 1$,\r\n2. $p$ has no [#positive] [#divisor]s except $1$ and $p$.",
            "created_at": "2013-02-13T07:55:10Z",
            "created_by": 2,
            "final_id": "zNua",
            "itemtype": "D",
            "modified_at": "2013-02-13T07:55:10Z",
            "modified_by": 2,
            "parent": null,
            "status": "F"
        },
        "model": "items.finalitem",
        "pk": 8
    },
    {
        "fields": {
            "body": "The symbol\r\n$$\r\nf: X \\mapsto Y\r\n$$\r\nmeans that $f$ is a *function* (or *mapping* or *transformation*) of the [#set] $X$ into the set $Y$; i.e., $f$ assigns to each $x \\in X$ an element $f(x) \\in Y$.",
            "created_at": "2013-02-20T10:04:31Z",
            "created_by": 4,
            "final_id": "CKgN",
            "itemtype": "D",
            "modified_at": "2013-02-20T10:04:31Z",
            "modified_by": 4,
            "parent": null,
            "status": "F"
        },
        "model": "items.finalitem",
        "pk": 9
    },
    {
        "fields": {
            "body": "The [#number]s\r\n$$\r\n\\ldots, -3, -2, -1, 0, 1, 2, \\ldots\r\n$$\r\nare called the *rational integers*, or simply the *integers*.",
            "created_at": "2013-02-13T07:53:18Z",
            "created_by": 2,
            "final_id": "FbYb",
            "itemtype": "D",
            "modified_at": "2013-02-13T07:53:18Z",
            "modified_by": 2,
            "parent": null,
            "status": "F"
        },
        "model": "items.finalitem",
        "pk": 10
    },
    {
        "fields": {
            "body": "The [numbers#number]\r\n$$\r\n1, 2, 3, \\ldots\r\n$$\r\nare called the *positive integers*.",
            "created_at": "2013-02-15T12:26:39Z",
            "created_by": 2,
            "final_id": "GEwn",
            "itemtype": "D",
            "modified_at": "2013-02-15T12:26:39Z",
            "modified_by": 2,
            "parent": null,
            "status": "F"
        },
        "model": "items.finalitem",
        "pk": 11
    },
    {
        "fields": {
            "body": "We express the fact that the [#integer] $a$ is [#divisible] by the integer $b \\neq 0$, or $b$ is a *divisor* of $a$, by\n$$\nb \\mid a \\; .\n$$",
            "created_at": "2013-02-18T14:06:20Z",
            "created_by": 3,
            "final_id": "M827",
            "itemtype": "D",
            "modified_at": "2013-02-18T14:06:20Z",
            "modified_by": 3,
            "parent": null,
            "status": "F"
        },
        "model": "items.finalitem",
        "pk": 12
    },
    {
        "fields": {
            "body": "bla bla",
            "created_at": "2013-02-14T19:03:57Z",
            "created_by": 2,
            "final_id": "N47F",
            "itemtype": "P",
            "modified_at": "2013-02-14T19:03:57Z",
            "modified_by": 2,
            "parent": 5,
            "status": "F"
        },
        "model": "items.finalitem",
        "pk": 13
    },
    {
        "fields": {
            "body": "The *exponential function* is defined for every [#complex number] $z$ by the formula\r\n$$\r\n\\exp(z) = \\sum_{n=0}^\\infty \\frac{z^n}{n!} \\; .\r\n$$\r\n\r\n(Refers to [#function].)",
            "created_at": "2013-02-21T10:16:29Z",
            "created_by": 2,
            "final_id": "NAg5",
            "itemtype": "D",
            "modified_at": "2013-02-21T10:16:29Z",
            "modified_by": 2,
            "parent": null,
            "status": "F"
        },
        "model": "items.finalitem",
        "pk": 14
    },
    {
        "fields": {
            "body": "A *rational number* is the [#ratio] ([#quotient]) of two [integers#integer], $p/q$, where $q$ is [#positive].",
            "created_at": "2013-03-06T08:22:48Z",
            "created_by": 2,
            "final_id": "R65x",
            "itemtype": "D",
            "modified_at": "2013-03-06T08:22:48Z",
            "modified_by": 2,
            "parent": null,
            "status": "F"
        },
        "model": "items.finalitem",
        "pk": 15
    },
    {
        "fields": {
            "body": "[Numbers#number] of the form\r\n$$\r\n\\frac{m}{n} \\; ,\r\n$$\r\nwhere $m$ and $n$ are [integers#integer] and $n \\neq 0$, are called *rational numbers*.",
            "created_at": "2013-03-06T08:19:34Z",
            "created_by": 2,
            "final_id": "SjWL",
            "itemtype": "D",
            "modified_at": "2013-03-06T08:19:34Z",
            "modified_by": 2,
            "parent": null,
            "status": "F"
        },
        "model": "items.finalitem",
        "pk": 16
    },
    {
        "fields": {
            "body": "Every [#positive integer], except $1$, is a [#product] of [#prime]s.",
            "created_at": "2013-02-13T08:09:28Z",
            "created_by": 2,
            "final_id": "Utrs",
            "itemtype": "T",
            "modified_at": "2013-02-13T08:09:28Z",
            "modified_by": 2,
            "parent": null,
            "status": "F"
        },
        "model": "items.finalitem",
        "pk": 17
    },
    {
        "fields": {
            "body": "The [numbers#number]\r\n$$\r\n\\ldots, -3, -2, -1, 0, 1, 2, \\ldots\r\n$$\r\nare called the *integers*.",
            "created_at": "2013-02-25T10:10:19Z",
            "created_by": 2,
            "final_id": "Wc4Z",
            "itemtype": "D",
            "modified_at": "2013-02-25T10:10:19Z",
            "modified_by": 2,
            "parent": null,
            "status": "F"
        },
        "model": "items.finalitem",
        "pk": 18
    },
    {
        "fields": {
            "body": "[#$\\pi$] is [#irrational].",
            "created_at": "2013-02-23T19:37:36Z",
            "created_by": 2,
            "final_id": "WfNS",
            "itemtype": "T",
            "modified_at": "2013-02-23T19:37:36Z",
            "modified_by": 2,
            "parent": null,
            "status": "F"
        },
        "model": "items.finalitem",
        "pk": 19
    },
    {
        "fields": {
            "body": "The [#series]\r\n$$\r\n\\sum_{n=0}^\\infty \\frac{z^n}{n!}\r\n$$\r\n[converges uniformly#uniform convergence] on every [#bounded] [#subset] of the [#complex plane].",
            "created_at": "2013-02-21T10:13:13Z",
            "created_by": 2,
            "final_id": "WpTe",
            "itemtype": "T",
            "modified_at": "2013-02-21T10:13:13Z",
            "modified_by": 2,
            "parent": null,
            "status": "F"
        },
        "model": "items.finalitem",
        "pk": 20
    },
    {
        "fields": {
            "body": "Let $2, 3, 5, \\ldots, p$ be the aggregate of [primes#prime] up to $p$, and let\r\n$$\r\nq = 2 \\cdot 3 \\cdot 5 \\cdots p + 1 \\quad .\r\n$$\r\nThen $q$ is not [#divisible] by any of the [numbers#positive integer] $2, 3, 5, \\ldots, p$. It is therefore either prime, or divisible by a prime between $p$ and $q$. In either case there is a prime greater than $p$, which proves the theorem.",
            "created_at": "2013-02-15T12:18:13Z",
            "created_by": 2,
            "final_id": "WR6s",
            "itemtype": "P",
            "modified_at": "2013-02-15T12:18:13Z",
            "modified_by": 2,
            "parent": 5,
            "status": "F"
        },
        "model": "items.finalitem",
        "pk": 21
    },
    {
        "fields": {
            "body": "Let $G$ be a [#combinatorial game]. The game where the roles of Left and Right are reversed throughout $G$ is called the *negative* of $G$:\r\n$$\r\n-G = \\{ -G^R | -G^L \\}\r\n$$\r\n(inductive definition).",
            "created_at": "2013-03-13T09:38:19Z",
            "created_by": 2,
            "final_id": "GfeA",
            "itemtype": "D",
            "modified_at": "2013-03-13T09:38:19Z",
            "modified_by": 2,
            "parent": null,
            "status": "F"
        },
        "model": "items.finalitem",
        "pk": 22
    },
    {
        "fields": {
            "body": "A [game#combinatorial game] $G$ is *positive* if there is a winning strategy for Left and we write\r\n$$\r\nG > 0 \\; .\r\n$$",
            "created_at": "2013-03-13T09:45:22Z",
            "created_by": 2,
            "final_id": "3vkH",
            "itemtype": "D",
            "modified_at": "2013-03-13T09:45:22Z",
            "modified_by": 2,
            "parent": null,
            "status": "F"
        },
        "model": "items.finalitem",
        "pk": 23
    },
    {
        "fields": {
            "body": "A [game#combinatorial game] $G$ is *negative* if there is a winning strategy for Right and we write\r\n$$\r\nG < 0 \\; .\r\n$$",
            "created_at": "2013-03-13T09:51:04Z",
            "created_by": 2,
            "final_id": "dupm",
            "itemtype": "D",
            "modified_at": "2013-03-13T09:51:04Z",
            "modified_by": 2,
            "parent": null,
            "status": "F"
        },
        "model": "items.finalitem",
        "pk": 24
    },
    {
        "fields": {
            "body": "A [game#combinatorial game] $G$ is *zero* if there is a winning strategy for the second player\r\n$$\r\nG = 0 \\; .\r\n$$",
            "created_at": "2013-03-13T09:53:39Z",
            "created_by": 2,
            "final_id": "e2T2",
            "itemtype": "D",
            "modified_at": "2013-03-13T09:53:39Z",
            "modified_by": 2,
            "parent": null,
            "status": "F"
        },
        "model": "items.finalitem",
        "pk": 25
    },
    {
        "fields": {
            "body": "A [game#combinatorial game] $G$ is *fuzzy* if there is a winning strategy for the first player\r\n$$\r\nG \\parallel 0 \\; .\r\n$$",
            "created_at": "2013-03-13T09:55:13Z",
            "created_by": 2,
            "final_id": "PtRj",
            "itemtype": "D",
            "modified_at": "2013-03-13T09:55:13Z",
            "modified_by": 2,
            "parent": null,
            "status": "F"
        },
        "model": "items.finalitem",
        "pk": 26
    },
    {
        "fields": {
            "body": "A *real number* is a quantity $x$ that has a decimal expansion\r\n$$\r\nx = n + 0.d_1d_2d_3\\ldots \\; ,\r\n$$\r\nwhere $n$ is an [#integer], each $d_i$ is a digit between $0$ and $9$, and the [#sequence] of digits doesn't end with infinitely many $9$s. The representation above means that\r\n$$\r\nn + \\frac{d_1}{10} + \\frac{d_2}{100} + \\cdots + \\frac{d_k}{10^k} \\leq x < n + \\frac{d_1}{10} + \\frac{d_2}{100} + \\cdots + \\frac{d_k}{10^k} + \\frac{1}{10^k} \\; ,\r\n$$\r\nfor all [positive integers#positive integer] $k$.",
            "created_at": "2013-04-07T10:48:33Z",
            "created_by": 2,
            "final_id": "2378",
            "itemtype": "D",
            "modified_at": "2013-04-07T10:48:33Z",
            "modified_by": 2,
            "parent": null,
            "status": "F"
        },
        "model": "items.finalitem",
        "pk": 27
    },
    {
        "fields": {
            "body": "Consider two [sets#set] $A$ and $B$, whose [elements#element] may be any objects whatsoever, and suppose that with each element $x$ of $A$ there is associated, in some manner, an element of $B$, which we denote by $f(x)$. Then $f$ is said to be a *function* from $A$ to $B$ (or a *mapping* of $A$ into $B$). The set $A$ is called the *domain* of $f$ (we also say $f$ is *defined on* $A$), and the elements $f(x)$ are called the *values* of $f$. The set of all values of $f$ is called the *range* of $f$.",
            "created_at": "2013-04-07T10:52:15Z",
            "created_by": 2,
            "final_id": "VTA6",
            "itemtype": "D",
            "modified_at": "2013-04-07T10:52:15Z",
            "modified_by": 2,
            "parent": null,
            "status": "F"
        },
        "model": "items.finalitem",
        "pk": 28
    },
    {
        "fields": {
            "body": "Let the [#function] $f$ be defined on $[a,b]$. If $f$ is [#differentiable at a point] $x \\in [a,b]$, then $f$ is [continuous at#continuous at a point] $x$.",
            "created_at": "2013-04-07T10:55:30Z",
            "created_by": 2,
            "final_id": "ATZc",
            "itemtype": "T",
            "modified_at": "2013-04-07T10:55:30Z",
            "modified_by": 2,
            "parent": null,
            "status": "F"
        },
        "model": "items.finalitem",
        "pk": 29
    },
    {
        "fields": {
            "body": "Suppose $E \\subset X$ (see [#subset]), a [#metric space], $p$ is a [#limit point] of $E$, $f$ and $g$ are [complex functions#complex function] on $E$, and\r\n$$\r\n\\lim_{x \\rightarrow p} f(x) = A \\; , \\quad \\lim_{x \\rightarrow p} g(x) = B \\; .\r\n$$\r\n\r\nThen\r\n\r\n1. $\\lim_{x \\rightarrow p} (f + g)(x) = A + B$;\r\n2. $\\lim_{x \\rightarrow p} (f g)(x) = A B$;\r\n3. $\\lim_{x \\rightarrow p} \\left( \\frac{f}{g} \\right)(x) = \\frac{A}{B}$.",
            "created_at": "2013-04-07T11:08:31Z",
            "created_by": 2,
            "final_id": "NtcC",
            "itemtype": "T",
            "modified_at": "2013-04-07T11:08:31Z",
            "modified_by": 2,
            "parent": null,
            "status": "F"
        },
        "model": "items.finalitem",
        "pk": 30
    },
    {
        "fields": {
            "body": "As $t \\rightarrow x$, we have, by Theorem [@NtcC],\r\n$$\r\nf(t) - f(x) = \\frac{f(t) - f(x)}{t - x} \\cdot (t - x) \\rightarrow f'(x) \\cdot 0 = 0 \\; .\r\n$$",
            "created_at": "2013-04-07T11:19:59Z",
            "created_by": 2,
            "final_id": "YkEc",
            "itemtype": "P",
            "modified_at": "2013-04-07T11:19:59Z",
            "modified_by": 2,
            "parent": 29,
            "status": "F"
        },
        "model": "items.finalitem",
        "pk": 31
    },
    {
        "fields": {
            "body": "New def",
            "created_by": 2,
            "itemtype": "D",
            "modified_at": "2013-02-13T13:29:25Z",
            "parent": null,
            "status": "D"
        },
        "model": "items.draftitem",
        "pk": 2
    },
    {
        "fields": {
            "body": "For any [#integer] $a$ we have\r\n$$\r\n1 \\mid a, \\quad a \\mid a\r\n$$\r\n(where [#$b \\mid a$] expresses divisibility).",
            "created_by": 3,
            "itemtype": "T",
            "modified_at": "2013-02-18T14:10:43Z",
            "parent": null,
            "status": "D"
        },
        "model": "items.draftitem",
        "pk": 4
    },
    {
        "fields": {
            "body": "Test review item",
            "created_by": 2,
            "itemtype": "T",
            "modified_at": "2013-04-12T09:33:43Z",
            "parent": null,
            "status": "R"
        },
        "model": "items.draftitem",
        "pk": 5
    },
    {
        "fields": {
            "category": 1,
            "item": 4,
            "primary": false
        },
        "model": "items.draftitemcategory",
        "pk": 1
    },
    {
        "fields": {
            "category": 15,
            "item": 4,
            "primary": false
        },
        "model": "items.draftitemcategory",
        "pk": 2
    },
    {
        "fields": {
            "category": 21,
            "item": 4,
            "primary": false
        },
        "model": "items.draftitemcategory",
        "pk": 3
    },
    {
        "fields": {
            "category": 1,
            "item": 10,
            "primary": true
        },
        "model": "items.finalitemcategory",
        "pk": 1
    },
    {
        "fields": {
            "category": 2,
            "item": 10,
            "primary": true
        },
        "model": "items.finalitemcategory",
        "pk": 2
    },
    {
        "fields": {
            "category": 3,
            "item": 10,
            "primary": false
        },
        "model": "items.finalitemcategory",
        "pk": 3
    },
    {
        "fields": {
            "category": 4,
            "item": 8,
            "primary": true
        },
        "model": "items.finalitemcategory",
        "pk": 4
    },
    {
        "fields": {
            "category": 5,
            "item": 8,
            "primary": false
        },
        "model": "items.finalitemcategory",
        "pk": 5
    },
    {
        "fields": {
            "category": 6,
            "item": 8,
            "primary": false
        },
        "model": "items.finalitemcategory",
        "pk": 6
    },
    {
        "fields": {
            "category": 4,
            "item": 17,
            "primary": false
        },
        "model": "items.finalitemcategory",
        "pk": 7
    },
    {
        "fields": {
            "category": 5,
            "item": 17,
            "primary": false
        },
        "model": "items.finalitemcategory",
        "pk": 8
    },
    {
        "fields": {
            "category": 7,
            "item": 17,
            "primary": false
        },
        "model": "items.finalitemcategory",
        "pk": 9
    },
    {
        "fields": {
            "category": 8,
            "item": 5,
            "primary": true
        },
        "model": "items.finalitemcategory",
        "pk": 10
    },
    {
        "fields": {
            "category": 4,
            "item": 5,
            "primary": false
        },
        "model": "items.finalitemcategory",
        "pk": 11
    },
    {
        "fields": {
            "category": 9,
            "item": 5,
            "primary": false
        },
        "model": "items.finalitemcategory",
        "pk": 12
    },
    {
        "fields": {
            "category": 4,
            "item": 21,
            "primary": false
        },
        "model": "items.finalitemcategory",
        "pk": 13
    },
    {
        "fields": {
            "category": 15,
            "item": 21,
            "primary": false
        },
        "model": "items.finalitemcategory",
        "pk": 14
    },
    {
        "fields": {
            "category": 5,
            "item": 21,
            "primary": false
        },
        "model": "items.finalitemcategory",
        "pk": 15
    },
    {
        "fields": {
            "category": 16,
            "item": 3,
            "primary": true
        },
        "model": "items.finalitemcategory",
        "pk": 16
    },
    {
        "fields": {
            "category": 3,
            "item": 3,
            "primary": false
        },
        "model": "items.finalitemcategory",
        "pk": 17
    },
    {
        "fields": {
            "category": 5,
            "item": 11,
            "primary": true
        },
        "model": "items.finalitemcategory",
        "pk": 18
    },
    {
        "fields": {
            "category": 3,
            "item": 11,
            "primary": false
        },
        "model": "items.finalitemcategory",
        "pk": 19
    },
    {
        "fields": {
            "category": 15,
            "item": 1,
            "primary": true
        },
        "model": "items.finalitemcategory",
        "pk": 20
    },
    {
        "fields": {
            "category": 1,
            "item": 1,
            "primary": false
        },
        "model": "items.finalitemcategory",
        "pk": 21
    },
    {
        "fields": {
            "category": 17,
            "item": 7,
            "primary": false
        },
        "model": "items.finalitemcategory",
        "pk": 22
    },
    {
        "fields": {
            "category": 18,
            "item": 7,
            "primary": false
        },
        "model": "items.finalitemcategory",
        "pk": 23
    },
    {
        "fields": {
            "category": 19,
            "item": 7,
            "primary": false
        },
        "model": "items.finalitemcategory",
        "pk": 24
    },
    {
        "fields": {
            "category": 6,
            "item": 12,
            "primary": true
        },
        "model": "items.finalitemcategory",
        "pk": 25
    },
    {
        "fields": {
            "category": 21,
            "item": 12,
            "primary": true
        },
        "model": "items.finalitemcategory",
        "pk": 26
    },
    {
        "fields": {
            "category": 1,
            "item": 12,
            "primary": false
        },
        "model": "items.finalitemcategory",
        "pk": 27
    },
    {
        "fields": {
            "category": 15,
            "item": 12,
            "primary": false
        },
        "model": "items.finalitemcategory",
        "pk": 28
    },
    {
        "fields": {
            "category": 22,
            "item": 9,
            "primary": true
        },
        "model": "items.finalitemcategory",
        "pk": 29
    },
    {
        "fields": {
            "category": 23,
            "item": 9,
            "primary": true
        },
        "model": "items.finalitemcategory",
        "pk": 30
    },
    {
        "fields": {
            "category": 24,
            "item": 9,
            "primary": true
        },
        "model": "items.finalitemcategory",
        "pk": 31
    },
    {
        "fields": {
            "category": 25,
            "item": 9,
            "primary": true
        },
        "model": "items.finalitemcategory",
        "pk": 32
    },
    {
        "fields": {
            "category": 26,
            "item": 9,
            "primary": true
        },
        "model": "items.finalitemcategory",
        "pk": 33
    },
    {
        "fields": {
            "category": 27,
            "item": 9,
            "primary": false
        },
        "model": "items.finalitemcategory",
        "pk": 34
    },
    {
        "fields": {
            "category": 28,
            "item": 2,
            "primary": true
        },
        "model": "items.finalitemcategory",
        "pk": 35
    },
    {
        "fields": {
            "category": 22,
            "item": 2,
            "primary": false
        },
        "model": "items.finalitemcategory",
        "pk": 36
    },
    {
        "fields": {
            "category": 29,
            "item": 2,
            "primary": false
        },
        "model": "items.finalitemcategory",
        "pk": 37
    },
    {
        "fields": {
            "category": 30,
            "item": 4,
            "primary": true
        },
        "model": "items.finalitemcategory",
        "pk": 38
    },
    {
        "fields": {
            "category": 4,
            "item": 4,
            "primary": false
        },
        "model": "items.finalitemcategory",
        "pk": 39
    },
    {
        "fields": {
            "category": 21,
            "item": 4,
            "primary": false
        },
        "model": "items.finalitemcategory",
        "pk": 40
    },
    {
        "fields": {
            "category": 31,
            "item": 4,
            "primary": false
        },
        "model": "items.finalitemcategory",
        "pk": 41
    },
    {
        "fields": {
            "category": 32,
            "item": 6,
            "primary": false
        },
        "model": "items.finalitemcategory",
        "pk": 42
    },
    {
        "fields": {
            "category": 33,
            "item": 6,
            "primary": false
        },
        "model": "items.finalitemcategory",
        "pk": 43
    },
    {
        "fields": {
            "category": 34,
            "item": 6,
            "primary": false
        },
        "model": "items.finalitemcategory",
        "pk": 44
    },
    {
        "fields": {
            "category": 32,
            "item": 20,
            "primary": false
        },
        "model": "items.finalitemcategory",
        "pk": 45
    },
    {
        "fields": {
            "category": 36,
            "item": 20,
            "primary": false
        },
        "model": "items.finalitemcategory",
        "pk": 46
    },
    {
        "fields": {
            "category": 37,
            "item": 20,
            "primary": false
        },
        "model": "items.finalitemcategory",
        "pk": 47
    },
    {
        "fields": {
            "category": 38,
            "item": 20,
            "primary": false
        },
        "model": "items.finalitemcategory",
        "pk": 48
    },
    {
        "fields": {
            "category": 40,
            "item": 14,
            "primary": true
        },
        "model": "items.finalitemcategory",
        "pk": 49
    },
    {
        "fields": {
            "category": 41,
            "item": 14,
            "primary": true
        },
        "model": "items.finalitemcategory",
        "pk": 50
    },
    {
        "fields": {
            "category": 34,
            "item": 14,
            "primary": false
        },
        "model": "items.finalitemcategory",
        "pk": 51
    },
    {
        "fields": {
            "category": 22,
            "item": 14,
            "primary": false
        },
        "model": "items.finalitemcategory",
        "pk": 52
    },
    {
        "fields": {
            "category": 32,
            "item": 14,
            "primary": false
        },
        "model": "items.finalitemcategory",
        "pk": 53
    },
    {
        "fields": {
            "category": 18,
            "item": 19,
            "primary": false
        },
        "model": "items.finalitemcategory",
        "pk": 54
    },
    {
        "fields": {
            "category": 42,
            "item": 19,
            "primary": false
        },
        "model": "items.finalitemcategory",
        "pk": 55
    },
    {
        "fields": {
            "category": 1,
            "item": 18,
            "primary": true
        },
        "model": "items.finalitemcategory",
        "pk": 56
    },
    {
        "fields": {
            "category": 3,
            "item": 18,
            "primary": false
        },
        "model": "items.finalitemcategory",
        "pk": 57
    },
    {
        "fields": {
            "category": 44,
            "item": 16,
            "primary": true
        },
        "model": "items.finalitemcategory",
        "pk": 58
    },
    {
        "fields": {
            "category": 3,
            "item": 16,
            "primary": false
        },
        "model": "items.finalitemcategory",
        "pk": 59
    },
    {
        "fields": {
            "category": 1,
            "item": 16,
            "primary": false
        },
        "model": "items.finalitemcategory",
        "pk": 60
    },
    {
        "fields": {
            "category": 44,
            "item": 15,
            "primary": true
        },
        "model": "items.finalitemcategory",
        "pk": 61
    },
    {
        "fields": {
            "category": 45,
            "item": 15,
            "primary": false
        },
        "model": "items.finalitemcategory",
        "pk": 62
    },
    {
        "fields": {
            "category": 46,
            "item": 15,
            "primary": false
        },
        "model": "items.finalitemcategory",
        "pk": 63
    },
    {
        "fields": {
            "category": 1,
            "item": 15,
            "primary": false
        },
        "model": "items.finalitemcategory",
        "pk": 64
    },
    {
        "fields": {
            "category": 14,
            "item": 15,
            "primary": false
        },
        "model": "items.finalitemcategory",
        "pk": 65
    },
    {
        "fields": {
            "category": 47,
            "item": 22,
            "primary": true
        },
        "model": "items.finalitemcategory",
        "pk": 66
    },
    {
        "fields": {
            "category": 48,
            "item": 22,
            "primary": false
        },
        "model": "items.finalitemcategory",
        "pk": 67
    },
    {
        "fields": {
            "category": 49,
            "item": 22,
            "primary": false
        },
        "model": "items.finalitemcategory",
        "pk": 68
    },
    {
        "fields": {
            "category": 14,
            "item": 23,
            "primary": true
        },
        "model": "items.finalitemcategory",
        "pk": 69
    },
    {
        "fields": {
            "category": 48,
            "item": 23,
            "primary": false
        },
        "model": "items.finalitemcategory",
        "pk": 70
    },
    {
        "fields": {
            "category": 49,
            "item": 23,
            "primary": false
        },
        "model": "items.finalitemcategory",
        "pk": 71
    },
    {
        "fields": {
            "category": 47,
            "item": 24,
            "primary": true
        },
        "model": "items.finalitemcategory",
        "pk": 72
    },
    {
        "fields": {
            "category": 48,
            "item": 24,
            "primary": false
        },
        "model": "items.finalitemcategory",
        "pk": 73
    },
    {
        "fields": {
            "category": 49,
            "item": 24,
            "primary": false
        },
        "model": "items.finalitemcategory",
        "pk": 74
    },
    {
        "fields": {
            "category": 48,
            "item": 25,
            "primary": false
        },
        "model": "items.finalitemcategory",
        "pk": 75
    },
    {
        "fields": {
            "category": 49,
            "item": 25,
            "primary": false
        },
        "model": "items.finalitemcategory",
        "pk": 76
    },
    {
        "fields": {
            "category": 50,
            "item": 25,
            "primary": true
        },
        "model": "items.finalitemcategory",
        "pk": 77
    },
    {
        "fields": {
            "category": 48,
            "item": 26,
            "primary": false
        },
        "model": "items.finalitemcategory",
        "pk": 78
    },
    {
        "fields": {
            "category": 49,
            "item": 26,
            "primary": false
        },
        "model": "items.finalitemcategory",
        "pk": 79
    },
    {
        "fields": {
            "category": 51,
            "item": 26,
            "primary": true
        },
        "model": "items.finalitemcategory",
        "pk": 80
    },
    {
        "fields": {
            "category": 52,
            "item": 27,
            "primary": true
        },
        "model": "items.finalitemcategory",
        "pk": 81
    },
    {
        "fields": {
            "category": 1,
            "item": 27,
            "primary": false
        },
        "model": "items.finalitemcategory",
        "pk": 82
    },
    {
        "fields": {
            "category": 53,
            "item": 27,
            "primary": false
        },
        "model": "items.finalitemcategory",
        "pk": 83
    },
    {
        "fields": {
            "category": 22,
            "item": 28,
            "primary": true
        },
        "model": "items.finalitemcategory",
        "pk": 84
    },
    {
        "fields": {
            "category": 23,
            "item": 28,
            "primary": true
        },
        "model": "items.finalitemcategory",
        "pk": 85
    },
    {
        "fields": {
            "category": 54,
            "item": 28,
            "primary": true
        },
        "model": "items.finalitemcategory",
        "pk": 86
    },
    {
        "fields": {
            "category": 55,
            "item": 28,
            "primary": true
        },
        "model": "items.finalitemcategory",
        "pk": 87
    },
    {
        "fields": {
            "category": 56,
            "item": 28,
            "primary": true
        },
        "model": "items.finalitemcategory",
        "pk": 88
    },
    {
        "fields": {
            "category": 57,
            "item": 28,
            "primary": true
        },
        "model": "items.finalitemcategory",
        "pk": 89
    },
    {
        "fields": {
            "category": 27,
            "item": 28,
            "primary": false
        },
        "model": "items.finalitemcategory",
        "pk": 90
    },
    {
        "fields": {
            "category": 58,
            "item": 28,
            "primary": false
        },
        "model": "items.finalitemcategory",
        "pk": 91
    },
    {
        "fields": {
            "category": 22,
            "item": 29,
            "primary": false
        },
        "model": "items.finalitemcategory",
        "pk": 92
    },
    {
        "fields": {
            "category": 59,
            "item": 29,
            "primary": false
        },
        "model": "items.finalitemcategory",
        "pk": 93
    },
    {
        "fields": {
            "category": 60,
            "item": 29,
            "primary": false
        },
        "model": "items.finalitemcategory",
        "pk": 94
    },
    {
        "fields": {
            "category": 61,
            "item": 30,
            "primary": false
        },
        "model": "items.finalitemcategory",
        "pk": 95
    },
    {
        "fields": {
            "category": 62,
            "item": 30,
            "primary": false
        },
        "model": "items.finalitemcategory",
        "pk": 96
    },
    {
        "fields": {
            "category": 63,
            "item": 30,
            "primary": false
        },
        "model": "items.finalitemcategory",
        "pk": 97
    }
]
